block_number,trial_number,state_index,state_id,stim_id,context,feedback,probabilities,rewards,q_values,action,correct_action,accuracy,v_values,w_values,h_values,q_prediction_errors,v_prediction_errors,trial_total,prediction_errors,averaged_pe,h_values1,h_values2
0,1,0,State EF,"['E', 'F']",Loss Avoid,"[0.0, -10.0]","['25', '75']","[0, -1]","[0, 0]",0,0,1,[0],"[0.01, 0.01]","[np.float64(0.0034999999999999996), np.float64(0.0034999999999999996)]","[0, -1]","[0, -1]",1,"[0, -1, 0, -1]",-0.5,0.0034999999999999996,0.0034999999999999996
0,1,0,State GH,"['H', 'G']",Loss Avoid,"[-10.0, -10.0]","['25', '75']","[-1, -1]","[0, 0]",1,0,0,[0],"[0.01, 0.01]","[np.float64(0.0034999999999999996), np.float64(0.0034999999999999996)]","[-1, -1]","[-1, -1]",1,"[-1, -1, -1, -1]",-1.0,0.0034999999999999996,0.0034999999999999996
0,1,0,State CD,"['C', 'D']",Reward,"[10.0, 0.0]","['75', '25']","[1, 0]","[0, 0]",1,0,0,[0],"[0.01, 0.01]","[np.float64(0.0034999999999999996), np.float64(0.0034999999999999996)]","[1, 0]","[1, 0]",1,"[1, 0, 1, 0]",0.5,0.0034999999999999996,0.0034999999999999996
0,2,0,State EF,"['F', 'E']",Loss Avoid,"[-10.0, 0.0]","['25', '75']","[0, -1]","[np.float64(0.0), np.float64(-0.67)]",0,0,1,[np.float64(0.0)],[ 0.05882353 -0.94117647],"[np.float64(0.020588235294117647), np.float64(-0.7649117647058824)]","[np.float64(0.0), np.float64(-0.32999999999999996)]","[np.float64(0.0), np.float64(-1.0)]",2,"[np.float64(0.0), np.float64(-1.0), np.float64(0.0), np.float64(-0.32999999999999996)]",-0.3325,0.020588235294117647,-0.7649117647058824
0,1,0,State AB,"['B', 'A']",Reward,"[10.0, 10.0]","['75', '25']","[1, 1]","[0, 0]",1,0,0,[0],"[0.01, 0.01]","[np.float64(0.0034999999999999996), np.float64(0.0034999999999999996)]","[1, 1]","[1, 1]",1,"[1, 1, 1, 1]",1.0,0.0034999999999999996,0.0034999999999999996
0,2,0,State CD,"['D', 'C']",Reward,"[0.0, 10.0]","['75', '25']","[1, 0]","[np.float64(0.67), np.float64(0.0)]",0,0,1,[np.float64(0.0)],[0.94736842 0.05263158],"[np.float64(0.7670789473684211), np.float64(0.018421052631578942)]","[np.float64(0.32999999999999996), np.float64(0.0)]","[np.float64(1.0), np.float64(0.0)]",2,"[np.float64(1.0), np.float64(0.0), np.float64(0.32999999999999996), np.float64(0.0)]",0.3325,0.7670789473684211,0.018421052631578942
0,2,0,State AB,"['A', 'B']",Reward,"[10.0, 10.0]","['75', '25']","[1, 1]","[np.float64(0.67), np.float64(0.84)]",1,0,0,[np.float64(0.63)],[0.15384615 0.84615385],"[np.float64(0.48934615384615393), np.float64(0.8421538461538463)]","[np.float64(0.32999999999999996), np.float64(0.16000000000000003)]","[np.float64(0.37), np.float64(0.37)]",2,"[np.float64(0.37), np.float64(0.37), np.float64(0.32999999999999996), np.float64(0.16000000000000003)]",0.3075,0.48934615384615393,0.8421538461538463
0,2,0,State GH,"['G', 'H']",Loss Avoid,"[-10.0, -10.0]","['25', '75']","[-1, -1]","[np.float64(-0.67), np.float64(-0.84)]",0,0,1,[np.float64(-0.63)],[-0.14159292 -0.85840708],"[np.float64(-0.48505752212389386), np.float64(-0.8464424778761062)]","[np.float64(-0.32999999999999996), np.float64(-0.16000000000000003)]","[np.float64(-0.37), np.float64(-0.37)]",2,"[np.float64(-0.37), np.float64(-0.37), np.float64(-0.32999999999999996), np.float64(-0.16000000000000003)]",-0.3075,-0.48505752212389386,-0.8464424778761062
0,3,0,State GH,"['G', 'H']",Loss Avoid,"[0.0, -10.0]","['25', '75']","[0, -1]","[np.float64(-0.9472), np.float64(-0.9472)]",0,0,1,[np.float64(-0.8631)],[-0.35369549 -0.64630451],"[np.float64(-0.7394734213426123), np.float64(-0.8418865786573877)]","[np.float64(0.9472), np.float64(-0.05279999999999996)]","[np.float64(0.8631), np.float64(-0.13690000000000002)]",3,"[np.float64(0.8631), np.float64(-0.13690000000000002), np.float64(0.9472), np.float64(-0.05279999999999996)]",0.40515,-0.7394734213426123,-0.8418865786573877
0,3,0,State AB,"['B', 'A']",Reward,"[0.0, 10.0]","['75', '25']","[1, 0]","[np.float64(0.8911), np.float64(0.9743999999999999)]",1,0,0,[np.float64(0.8631)],[0.15204921 0.84795079],"[np.float64(0.6324322247254675), np.float64(0.9301427752745324)]","[np.float64(0.1089), np.float64(-0.9743999999999999)]","[np.float64(0.13690000000000002), np.float64(-0.8631)]",3,"[np.float64(0.13690000000000002), np.float64(-0.8631), np.float64(0.1089), np.float64(-0.9743999999999999)]",-0.397925,0.6324322247254675,0.9301427752745324
0,4,0,State AB,"['A', 'B']",Reward,"[10.0, 0.0]","['75', '25']","[1, 0]","[np.float64(0.964063), np.float64(0.15590400000000004)]",0,0,1,[np.float64(0.31934699999999994)],[0.98809262 0.01190738],"[np.float64(0.9724733659577729), np.float64(0.10550518404222703)]","[np.float64(0.035937), np.float64(-0.15590400000000004)]","[np.float64(0.6806530000000001), np.float64(-0.31934699999999994)]",4,"[np.float64(0.6806530000000001), np.float64(-0.31934699999999994), np.float64(0.035937), np.float64(-0.15590400000000004)]",0.06033475000000002,0.9724733659577729,0.10550518404222703
0,3,0,State EF,"['F', 'E']",Loss Avoid,"[-10.0, 0.0]","['25', '75']","[0, -1]","[np.float64(0.0), np.float64(-0.8911)]",0,0,1,[np.float64(0.0)],[ 0.05027652 -0.94972348],"[np.float64(0.017596782302664656), np.float64(-0.9116182176973353)]","[np.float64(0.0), np.float64(-0.1089)]","[np.float64(0.0), np.float64(-1.0)]",3,"[np.float64(0.0), np.float64(-1.0), np.float64(0.0), np.float64(-0.1089)]",-0.277225,0.017596782302664656,-0.9116182176973353
0,3,0,State CD,"['D', 'C']",Reward,"[0.0, 0.0]","['75', '25']","[0, 0]","[np.float64(0.9472), np.float64(0.0)]",0,0,1,[np.float64(0.63)],[0.97341839 0.02658161],"[np.float64(0.9563764380648592), np.float64(0.009303561935140882)]","[np.float64(-0.9472), np.float64(0.0)]","[np.float64(-0.63), np.float64(-0.63)]",3,"[np.float64(-0.63), np.float64(-0.63), np.float64(-0.9472), np.float64(0.0)]",-0.5518000000000001,0.9563764380648592,0.009303561935140882
0,4,0,State EF,"['E', 'F']",Loss Avoid,"[0.0, -10.0]","['25', '75']","[0, -1]","[np.float64(0.0), np.float64(-0.964063)]",0,0,1,[np.float64(0.0)],[ 0.04297139 -0.95702861],"[np.float64(0.015039984874072357), np.float64(-0.9616009651259276)]","[np.float64(0.0), np.float64(-0.035937)]","[np.float64(0.0), np.float64(-1.0)]",4,"[np.float64(0.0), np.float64(-1.0), np.float64(0.0), np.float64(-0.035937)]",-0.25898425,0.015039984874072357,-0.9616009651259276
0,4,0,State CD,"['C', 'D']",Reward,"[0.0, 0.0]","['75', '25']","[0, 0]","[np.float64(0.15155200000000002), np.float64(0.0)]",0,0,1,[np.float64(0.23309999999999997)],[ 0.81555187 -0.18444813],"[np.float64(0.38395195444030067), np.float64(-0.06455684555969933)]","[np.float64(-0.15155200000000002), np.float64(0.0)]","[np.float64(-0.23309999999999997), np.float64(-0.23309999999999997)]",4,"[np.float64(-0.23309999999999997), np.float64(-0.23309999999999997), np.float64(-0.15155200000000002), np.float64(0.0)]",-0.154438,0.38395195444030067,-0.06455684555969933
0,4,0,State GH,"['H', 'G']",Loss Avoid,"[-10.0, 0.0]","['25', '75']","[0, -1]","[np.float64(-0.15155200000000002), np.float64(-0.982576)]",0,0,1,[np.float64(-0.31934699999999994)],[ 0.42363263 -0.57636737],"[np.float64(0.04976262130514246), np.float64(-0.8404029786948575)]","[np.float64(0.15155200000000002), np.float64(-0.017423999999999995)]","[np.float64(0.31934699999999994), np.float64(-0.6806530000000001)]",4,"[np.float64(0.31934699999999994), np.float64(-0.6806530000000001), np.float64(0.15155200000000002), np.float64(-0.017423999999999995)]",-0.056794500000000026,0.04976262130514246,-0.8404029786948575
0,5,0,State AB,"['B', 'A']",Reward,"[10.0, 10.0]","['75', '25']","[1, 1]","[np.float64(0.99425008), np.float64(0.051448320000000006)]",0,0,1,[np.float64(0.74815839)],[ 0.97503313 -0.02496687],"[np.float64(0.987524149239088), np.float64(0.024703005239087982)]","[np.float64(0.005749919999999964), np.float64(0.94855168)]","[np.float64(0.25184161000000005), np.float64(0.25184161000000005)]",5,"[np.float64(0.25184161000000005), np.float64(0.25184161000000005), np.float64(0.005749919999999964), np.float64(0.94855168)]",0.364496205,0.987524149239088,0.024703005239087982
0,5,0,State GH,"['H', 'G']",Loss Avoid,"[-10.0, 0.0]","['25', '75']","[0, -1]","[np.float64(-0.024248320000000018), np.float64(-0.99425008)]",0,0,1,[np.float64(-0.11815838999999997)],[ 0.51557892 -0.48442108],"[np.float64(0.1646912152235825), np.float64(-0.8158099287764176)]","[np.float64(0.024248320000000018), np.float64(-0.005749919999999964)]","[np.float64(0.11815838999999997), np.float64(-0.88184161)]",5,"[np.float64(0.11815838999999997), np.float64(-0.88184161), np.float64(0.024248320000000018), np.float64(-0.005749919999999964)]",-0.18629620500000002,0.1646912152235825,-0.8158099287764176
0,6,0,State GH,"['G', 'H']",Loss Avoid,"[0.0, -10.0]","['25', '75']","[0, -1]","[np.float64(-0.0038797312000000035), np.float64(-0.9981025264)]",0,0,1,[np.float64(-0.04371860429999999)],[ 0.49883069 -0.50116931],"[np.float64(0.17206891708094094), np.float64(-0.824175899799059)]","[np.float64(0.0038797312000000035), np.float64(-0.0018974736000000325)]","[np.float64(0.04371860429999999), np.float64(-0.9562813957)]",6,"[np.float64(0.04371860429999999), np.float64(-0.9562813957), np.float64(0.0038797312000000035), np.float64(-0.0018974736000000325)]",-0.22764513345000004,0.17206891708094094,-0.824175899799059
0,5,0,State EF,"['E', 'F']",Loss Avoid,"[-10.0, -10.0]","['25', '75']","[-1, -1]","[np.float64(0.0), np.float64(-0.98814079)]",0,0,1,[np.float64(0.0)],[ 0.03672768 -0.96327232],"[np.float64(0.01285468792655757), np.float64(-0.9794368255734425)]","[np.float64(-1.0), np.float64(-0.011859210000000009)]","[np.float64(-1.0), np.float64(-1.0)]",5,"[np.float64(-1.0), np.float64(-1.0), np.float64(-1.0), np.float64(-0.011859210000000009)]",-0.7529648025,0.01285468792655757,-0.9794368255734425
0,6,0,State AB,"['A', 'B']",Reward,"[10.0, 10.0]","['75', '25']","[1, 1]","[np.float64(0.9990800128), np.float64(0.6869779456)]",0,0,1,[np.float64(0.9068186042999999)],[0.98560423 0.01439577],"[np.float64(0.9943634884857342), np.float64(0.4515741844742659)]","[np.float64(0.000919987199999972), np.float64(0.31302205439999997)]","[np.float64(0.09318139570000006), np.float64(0.09318139570000006)]",6,"[np.float64(0.09318139570000006), np.float64(0.09318139570000006), np.float64(0.000919987199999972), np.float64(0.31302205439999997)]",0.12507620825000001,0.9943634884857342,0.4515741844742659
0,5,0,State CD,"['D', 'C']",Reward,"[10.0, 10.0]","['75', '25']","[1, 1]","[np.float64(0.024248320000000018), np.float64(0.0)]",0,0,1,[np.float64(0.08624699999999999)],[ 0.72376952 -0.27623048],"[np.float64(0.2690807385632851), np.float64(-0.09668066943671491)]","[np.float64(0.97575168), np.float64(1.0)]","[np.float64(0.913753), np.float64(0.913753)]",5,"[np.float64(0.913753), np.float64(0.913753), np.float64(0.97575168), np.float64(1.0)]",0.95081442,0.2690807385632851,-0.09668066943671491
0,6,0,State EF,"['F', 'E']",Loss Avoid,"[-10.0, -10.0]","['25', '75']","[-1, -1]","[np.float64(-0.84), np.float64(-0.9960864607)]",0,0,1,[np.float64(-0.63)],[-0.45425092 -0.54574908],"[np.float64(-0.7049878231593036), np.float64(-0.8384683762956964)]","[np.float64(-0.16000000000000003), np.float64(-0.003913539300000046)]","[np.float64(-0.37), np.float64(-0.37)]",6,"[np.float64(-0.37), np.float64(-0.37), np.float64(-0.16000000000000003), np.float64(-0.003913539300000046)]",-0.22597838482500002,-0.7049878231593036,-0.8384683762956964
0,6,0,State CD,"['C', 'D']",Reward,"[10.0, 10.0]","['75', '25']","[1, 1]","[np.float64(0.8438797311999999), np.float64(0.67)]",0,0,1,[np.float64(0.66191139)],[ 0.93052715 -0.06947285],"[np.float64(0.8742063290332613), np.float64(0.4111845037532615)]","[np.float64(0.15612026880000007), np.float64(0.32999999999999996)]","[np.float64(0.33808861), np.float64(0.33808861)]",6,"[np.float64(0.33808861), np.float64(0.33808861), np.float64(0.15612026880000007), np.float64(0.32999999999999996)]",0.29057437220000004,0.8742063290332613,0.4111845037532615
0,7,0,State GH,"['H', 'G']",Loss Avoid,"[-10.0, 0.0]","['25', '75']","[0, -1]","[np.float64(-0.0006207569920000009), np.float64(-0.999373833712)]",0,0,1,[np.float64(-0.016175883590999997)],[ 0.44936909 -0.55063091],"[np.float64(0.15687568943639607), np.float64(-0.8423138104316038)]","[np.float64(0.0006207569920000009), np.float64(-0.0006261662880000518)]","[np.float64(0.016175883590999997), np.float64(-0.983824116409)]",7,"[np.float64(0.016175883590999997), np.float64(-0.983824116409), np.float64(0.0006207569920000009), np.float64(-0.0006261662880000518)]",-0.24191341052850002,0.15687568943639607,-0.8423138104316038
0,7,0,State EF,"['F', 'E']",Loss Avoid,"[-10.0, -10.0]","['25', '75']","[-1, -1]","[np.float64(-0.9743999999999999), np.float64(-0.998708532031)]",0,0,1,[np.float64(-0.8631)],[-0.57302766 -0.42697234],"[np.float64(-0.8339196795224858), np.float64(-0.7986008662976641)]","[np.float64(-0.025600000000000067), np.float64(-0.0012914679690000375)]","[np.float64(-0.13690000000000002), np.float64(-0.13690000000000002)]",7,"[np.float64(-0.13690000000000002), np.float64(-0.13690000000000002), np.float64(-0.025600000000000067), np.float64(-0.0012914679690000375)]",-0.07517286699225004,-0.8339196795224858,-0.7986008662976641
0,8,0,State GH,"['G', 'H']",Loss Avoid,"[0.0, -10.0]","['25', '75']","[0, -1]","[np.float64(-9.932111872000017e-05), np.float64(-0.99979336512496)]",0,0,1,[np.float64(-0.005985076928669999)],[ 0.39322161 -0.60677839],"[np.float64(0.13756300462624876), np.float64(-0.8622381239778072)]","[np.float64(9.932111872000017e-05), np.float64(-0.00020663487504002376)]","[np.float64(0.005985076928669999), np.float64(-0.99401492307133)]",8,"[np.float64(0.005985076928669999), np.float64(-0.99401492307133), np.float64(9.932111872000017e-05), np.float64(-0.00020663487504002376)]",-0.247034289974745,0.13756300462624876,-0.8622381239778072
0,7,0,State CD,"['C', 'D']",Reward,"[10.0, 10.0]","['75', '25']","[1, 1]","[np.float64(0.975020756992), np.float64(0.8911)]",0,0,1,[np.float64(0.8749072143)],[ 0.99058149 -0.00941851],"[np.float64(0.98046701435633), np.float64(0.5759185223115301)]","[np.float64(0.02497924300800003), np.float64(0.1089)]","[np.float64(0.12509278570000004), np.float64(0.12509278570000004)]",7,"[np.float64(0.12509278570000004), np.float64(0.12509278570000004), np.float64(0.02497924300800003), np.float64(0.1089)]",0.09601620360200003,0.98046701435633,0.5759185223115301
0,8,0,State EF,"['E', 'F']",Loss Avoid,"[-10.0, -10.0]","['25', '75']","[-1, -1]","[np.float64(-0.995904), np.float64(-0.99957381557023)]",0,0,1,[np.float64(-0.9493469999999999)],[-0.6109973 -0.3890027],"[np.float64(-0.8611866537459866), np.float64(-0.7858739263746629)]","[np.float64(-0.0040959999999999885), np.float64(-0.000426184429770049)]","[np.float64(-0.05065300000000006), np.float64(-0.05065300000000006)]",8,"[np.float64(-0.05065300000000006), np.float64(-0.05065300000000006), np.float64(-0.0040959999999999885), np.float64(-0.000426184429770049)]",-0.02645704610744254,-0.8611866537459866,-0.7858739263746629
0,7,0,State AB,"['B', 'A']",Reward,"[0.0, 0.0]","['75', '25']","[0, 0]","[np.float64(0.999852802048), np.float64(0.8967027220480001)]",0,0,1,[np.float64(0.965522883591)],[0.9726899 0.0273101],"[np.float64(0.9903457875943917), np.float64(0.5924153030680083)]","[np.float64(-0.999852802048), np.float64(-0.8967027220480001)]","[np.float64(-0.965522883591), np.float64(-0.965522883591)]",7,"[np.float64(-0.965522883591), np.float64(-0.965522883591), np.float64(-0.999852802048), np.float64(-0.8967027220480001)]",-0.9569003228195,0.9903457875943917,0.5924153030680083
0,8,0,State AB,"['A', 'B']",Reward,"[0.0, 0.0]","['75', '25']","[0, 0]","[np.float64(0.15997644832768), np.float64(0.29591189827583997)]",0,0,1,[np.float64(0.35724346692867004)],[ 0.16213387 -0.83786613],"[np.float64(0.1607315456875873), np.float64(-0.10091041184610874)]","[np.float64(-0.15997644832768), np.float64(-0.29591189827583997)]","[np.float64(-0.35724346692867004), np.float64(-0.35724346692867004)]",8,"[np.float64(-0.35724346692867004), np.float64(-0.35724346692867004), np.float64(-0.15997644832768), np.float64(-0.29591189827583997)]",-0.292593820115215,0.1607315456875873,-0.10091041184610874
0,8,0,State CD,"['D', 'C']",Reward,"[10.0, 10.0]","['75', '25']","[1, 1]","[np.float64(0.99600332111872), np.float64(0.964063)]",0,0,1,[np.float64(0.953715669291)],[0.98946928 0.01053072],"[np.float64(0.9937164071761505), np.float64(0.6303267015510174)]","[np.float64(0.003996678881279969), np.float64(0.035937)]","[np.float64(0.046284330708999954), np.float64(0.046284330708999954)]",8,"[np.float64(0.046284330708999954), np.float64(0.046284330708999954), np.float64(0.003996678881279969), np.float64(0.035937)]",0.03312558507481997,0.9937164071761505,0.6303267015510174
0,9,0,State GH,"['H', 'G']",Loss Avoid,"[-10.0, -10.0]","['25', '75']","[-1, -1]","[np.float64(-1.5891378995200024e-05), np.float64(-0.9999318104912368)]",0,0,1,[np.float64(-0.0022144784636078997)],[ 0.33969247 -0.66030753],"[np.float64(0.1188820338415849), np.float64(-0.8810633135813721)]","[np.float64(-0.9999841086210048), np.float64(-6.818950876319452e-05)]","[np.float64(-0.9977855215363921), np.float64(-0.9977855215363921)]",9,"[np.float64(-0.9977855215363921), np.float64(-0.9977855215363921), np.float64(-0.9999841086210048), np.float64(-6.818950876319452e-05)]",-0.748905835300638,0.1188820338415849,-0.8810633135813721
0,10,0,State GH,"['G', 'H']",Loss Avoid,"[-10.0, -10.0]","['25', '75']","[-1, -1]","[np.float64(-0.8400025426206392), np.float64(-0.9999774974621082)]",1,0,0,[np.float64(-0.6308193570315349)],[-0.43467821 -0.56532179],"[np.float64(-0.6981390245492781), np.float64(-0.8478480015045077)]","[np.float64(-0.15999745737936077), np.float64(-2.2502537891821994e-05)]","[np.float64(-0.3691806429684651), np.float64(-0.3691806429684651)]",10,"[np.float64(-0.3691806429684651), np.float64(-0.3691806429684651), np.float64(-0.15999745737936077), np.float64(-2.2502537891821994e-05)]",-0.2245953114635457,-0.6981390245492781,-0.8478480015045077
0,9,0,State CD,"['D', 'C']",Reward,"[0.0, 10.0]","['75', '25']","[1, 0]","[np.float64(0.9993605313789952), np.float64(0.98814079)]",0,0,1,[np.float64(0.98287479763767)],[0.98253078 0.01746922],"[np.float64(0.9934701180279264), np.float64(0.6484057408684205)]","[np.float64(0.000639468621004835), np.float64(-0.98814079)]","[np.float64(0.01712520236232995), np.float64(-0.98287479763767)]",9,"[np.float64(0.01712520236232995), np.float64(-0.98287479763767), np.float64(0.000639468621004835), np.float64(-0.98814079)]",-0.4883127291635838,0.9934701180279264,0.6484057408684205
0,9,0,State EF,"['F', 'E']",Loss Avoid,"[0.0, 0.0]","['25', '75']","[0, 0]","[np.float64(-0.99934464), np.float64(-0.9998593591381759)]",0,0,1,[np.float64(-0.98125839)],[-0.62427276 -0.37572724],"[np.float64(-0.8680694803754267), np.float64(-0.7814131190643876)]","[np.float64(0.99934464), np.float64(0.9998593591381759)]","[np.float64(0.98125839), np.float64(0.98125839)]",9,"[np.float64(0.98125839), np.float64(0.98125839), np.float64(0.99934464), np.float64(0.9998593591381759)]",0.990430194784544,-0.8680694803754267,-0.7814131190643876
0,10,0,State CD,"['C', 'D']",Reward,"[10.0, 0.0]","['75', '25']","[1, 0]","[np.float64(0.9998976850206392), np.float64(0.3260864606999999)]",0,0,1,[np.float64(0.9936636751259379)],[ 0.86977526 -0.13022474],"[np.float64(0.9543548371728532), np.float64(0.1663775413644376)]","[np.float64(0.0001023149793607514), np.float64(-0.3260864606999999)]","[np.float64(0.006336324874062105), np.float64(-0.9936636751259379)]",10,"[np.float64(0.006336324874062105), np.float64(-0.9936636751259379), np.float64(0.0001023149793607514), np.float64(-0.3260864606999999)]",-0.32832787399312874,0.9543548371728532,0.1663775413644376
0,9,0,State AB,"['A', 'B']",Reward,"[10.0, 0.0]","['75', '25']","[1, 0]","[np.float64(0.02559623173242881), np.float64(0.09765092643102719)]",0,0,1,[np.float64(0.1321800827636079)],[-0.1729903 -0.8270097],"[np.float64(-0.043909054032358424), np.float64(-0.22598029316139512)]","[np.float64(0.9744037682675712), np.float64(-0.09765092643102719)]","[np.float64(0.8678199172363921), np.float64(-0.1321800827636079)]",9,"[np.float64(0.8678199172363921), np.float64(-0.1321800827636079), np.float64(0.9744037682675712), np.float64(-0.09765092643102719)]",0.40309816907733204,-0.043909054032358424,-0.22598029316139512
0,10,0,State EF,"['E', 'F']",Loss Avoid,"[0.0, 0.0]","['25', '75']","[0, 0]","[np.float64(-0.15989514240000002), np.float64(-0.329953588515598)]",0,0,1,[np.float64(-0.3630656043)],[ 0.61756664 -0.38243336],"[np.float64(0.11221648195635678), np.float64(-0.3483215080187819)]","[np.float64(0.15989514240000002), np.float64(0.329953588515598)]","[np.float64(0.3630656043), np.float64(0.3630656043)]",10,"[np.float64(0.3630656043), np.float64(0.3630656043), np.float64(0.15989514240000002), np.float64(0.329953588515598)]",0.30399498487889953,0.11221648195635678,-0.3483215080187819
0,10,0,State AB,"['B', 'A']",Reward,"[0.0, 10.0]","['75', '25']","[1, 0]","[np.float64(0.8440953970771887), np.float64(0.03222480572223897)]",0,0,1,[np.float64(0.678906630622535)],[ 0.44367638 -0.55632362],"[np.float64(0.7039487418036408), np.float64(-0.17376714257707665)]","[np.float64(0.15590460292281128), np.float64(-0.03222480572223897)]","[np.float64(0.321093369377465), np.float64(-0.678906630622535)]",10,"[np.float64(0.321093369377465), np.float64(-0.678906630622535), np.float64(0.15590460292281128), np.float64(-0.03222480572223897)]",-0.05853336601112441,0.7039487418036408,-0.17376714257707665
0,11,0,State AB,"['A', 'B']",Reward,"[10.0, 0.0]","['75', '25']","[1, 0]","[np.float64(0.9750552635323502), np.float64(0.010634185888338858)]",0,0,1,[np.float64(0.8811954533303379)],[ 0.53028145 -0.46971855],"[np.float64(0.8193844295120754), np.float64(-0.15748927095653206)]","[np.float64(0.02494473646764983), np.float64(-0.010634185888338858)]","[np.float64(0.11880454666966211), np.float64(-0.8811954533303379)]",11,"[np.float64(0.11880454666966211), np.float64(-0.8811954533303379), np.float64(0.02494473646764983), np.float64(-0.010634185888338858)]",-0.1870200890203412,0.8193844295120754,-0.15748927095653206
0,11,0,State EF,"['F', 'E']",Loss Avoid,"[0.0, 0.0]","['25', '75']","[0, 0]","[np.float64(-0.02558322278400002), np.float64(-0.10888468421014733)]",0,0,1,[np.float64(-0.134334273591)],[ 0.75217032 -0.24782968],"[np.float64(0.24663051842310307), np.float64(-0.15751543150389263)]","[np.float64(0.02558322278400002), np.float64(0.10888468421014733)]","[np.float64(0.134334273591), np.float64(0.134334273591)]",11,"[np.float64(0.134334273591), np.float64(0.134334273591), np.float64(0.02558322278400002), np.float64(0.10888468421014733)]",0.10078411354403682,0.24663051842310307,-0.15751543150389263
0,12,0,State AB,"['B', 'A']",Reward,"[0.0, 10.0]","['75', '25']","[1, 0]","[np.float64(0.996008842165176), np.float64(0.0035092813431518224)]",0,0,1,[np.float64(0.956042317732225)],[ 0.51073584 -0.48926416],"[np.float64(0.8261632929639461), np.float64(-0.16896142157036964)]","[np.float64(0.003991157834823955), np.float64(-0.0035092813431518224)]","[np.float64(0.04395768226777497), np.float64(-0.956042317732225)]",12,"[np.float64(0.04395768226777497), np.float64(-0.956042317732225), np.float64(0.003991157834823955), np.float64(-0.0035092813431518224)]",-0.2279006897431945,0.8261632929639461,-0.16896142157036964
0,11,0,State CD,"['D', 'C']",Reward,"[0.0, 10.0]","['75', '25']","[1, 0]","[np.float64(0.9999836296033022), np.float64(0.10760853203099996)]",0,0,1,[np.float64(0.997655559796597)],[ 0.74543502 -0.25456498],"[np.float64(0.9108916161298624), np.float64(-0.019152197292134174)]","[np.float64(1.6370396697773515e-05), np.float64(-0.10760853203099996)]","[np.float64(0.0023444402034029643), np.float64(-0.997655559796597)]",11,"[np.float64(0.0023444402034029643), np.float64(-0.997655559796597), np.float64(1.6370396697773515e-05), np.float64(-0.10760853203099996)]",-0.2757258203068741,0.9108916161298624,-0.019152197292134174
0,12,0,State CD,"['C', 'D']",Reward,"[10.0, 0.0]","['75', '25']","[1, 0]","[np.float64(0.9999973807365283), np.float64(0.035510815570229975)]",0,0,1,[np.float64(0.9991325571247409)],[ 0.63805206 -0.36194794],"[np.float64(0.8733165191383194), np.float64(-0.10359974821977443)]","[np.float64(2.6192634716704077e-06), np.float64(-0.035510815570229975)]","[np.float64(0.0008674428752590835), np.float64(-0.9991325571247409)]",12,"[np.float64(0.0008674428752590835), np.float64(-0.9991325571247409), np.float64(2.6192634716704077e-06), np.float64(-0.035510815570229975)]",-0.25844332763906,0.8733165191383194,-0.10359974821977443
0,12,0,State EF,"['E', 'F']",Loss Avoid,"[0.0, 0.0]","['25', '75']","[0, 0]","[np.float64(-0.004093315645440004), np.float64(-0.03593194578934861)]",0,0,1,[np.float64(-0.04970368122867)],[ 0.79708634 -0.20291366],"[np.float64(0.2763195638045456), np.float64(-0.09437554578899496)]","[np.float64(0.004093315645440004), np.float64(0.03593194578934861)]","[np.float64(0.04970368122867), np.float64(0.04970368122867)]",12,"[np.float64(0.04970368122867), np.float64(0.04970368122867), np.float64(0.004093315645440004), np.float64(0.03593194578934861)]",0.03485815597303216,0.2763195638045456,-0.09437554578899496
0,11,0,State GH,"['H', 'G']",Loss Avoid,"[0.0, 0.0]","['25', '75']","[0, 0]","[np.float64(-0.947200839064811), np.float64(-0.9999963995939373)]",0,0,1,[np.float64(-0.8634031621016679)],[-0.34918831 -0.65081169],"[np.float64(-0.737896455134148), np.float64(-0.8777817499940384)]","[np.float64(0.947200839064811), np.float64(0.9999963995939373)]","[np.float64(0.8634031621016679), np.float64(0.8634031621016679)]",11,"[np.float64(0.8634031621016679), np.float64(0.8634031621016679), np.float64(0.947200839064811), np.float64(0.9999963995939373)]",0.9185008907155211,-0.737896455134148,-0.8777817499940384
0,12,0,State GH,"['G', 'H']",Loss Avoid,"[0.0, 0.0]","['25', '75']","[0, 0]","[np.float64(-0.15155213425036984), np.float64(-0.3299988118659992)]",0,0,1,[np.float64(-0.31945916997761714)],[ 0.49646029 -0.50353971],"[np.float64(0.07525221315030217), np.float64(-0.3907381272998569)]","[np.float64(0.15155213425036984), np.float64(0.3299988118659992)]","[np.float64(0.31945916997761714), np.float64(0.31945916997761714)]",12,"[np.float64(0.31945916997761714), np.float64(0.31945916997761714), np.float64(0.15155213425036984), np.float64(0.3299988118659992)]",0.2801173215179008,0.07525221315030217,-0.3907381272998569
0,13,0,State EF,"['F', 'E']",Loss Avoid,"[-10.0, 0.0]","['25', '75']","[0, -1]","[np.float64(-0.0006549305032704008), np.float64(-0.01185754211048504)]",0,0,1,[np.float64(-0.018390362054607902)],[ 0.81306208 -0.18693792],"[np.float64(0.28414602417916146), np.float64(-0.07313567336552801)]","[np.float64(0.0006549305032704008), np.float64(-0.9881424578895149)]","[np.float64(0.018390362054607902), np.float64(-0.9816096379453921)]",13,"[np.float64(0.018390362054607902), np.float64(-0.9816096379453921), np.float64(0.0006549305032704008), np.float64(-0.9881424578895149)]",-0.4876767008192572,0.28414602417916146,-0.07313567336552801
0,13,0,State AB,"['B', 'A']",Reward,"[0.0, 0.0]","['75', '25']","[0, 0]","[np.float64(0.9993614147464281), np.float64(0.001158062843240101)]",0,0,1,[np.float64(0.9837356575609233)],[ 0.45936608 -0.54063392],"[np.float64(0.8103630470732206), np.float64(-0.18846913166385165)]","[np.float64(-0.9993614147464281), np.float64(-0.001158062843240101)]","[np.float64(-0.9837356575609233), np.float64(-0.9837356575609233)]",13,"[np.float64(-0.9837356575609233), np.float64(-0.9837356575609233), np.float64(-0.9993614147464281), np.float64(-0.001158062843240101)]",-0.7419976981778788,0.8103630470732206,-0.18846913166385165
0,13,0,State GH,"['H', 'G']",Loss Avoid,"[-10.0, 0.0]","['25', '75']","[0, -1]","[np.float64(-0.024248341480059166), np.float64(-0.10889960791577974)]",0,0,1,[np.float64(-0.11819989289171834)],[ 0.64311627 -0.35688373],"[np.float64(0.20932927190503361), np.float64(-0.1956940512781848)]","[np.float64(0.024248341480059166), np.float64(-0.8911003920842202)]","[np.float64(0.11819989289171834), np.float64(-0.8818001071082817)]",13,"[np.float64(0.11819989289171834), np.float64(-0.8818001071082817), np.float64(0.024248341480059166), np.float64(-0.8911003920842202)]",-0.4076130662051811,0.20932927190503361,-0.1956940512781848
0,14,0,State GH,"['G', 'H']",Loss Avoid,"[0.0, -10.0]","['25', '75']","[0, -1]","[np.float64(-0.0038797346368094655), np.float64(-0.7059368706122073)]",0,0,1,[np.float64(-0.04373396036993578)],[ 0.59961052 -0.40038948],"[np.float64(0.20734185350181278), np.float64(-0.5989952848821958)]","[np.float64(0.0038797346368094655), np.float64(-0.29406312938779267)]","[np.float64(0.04373396036993578), np.float64(-0.9562660396300642)]",14,"[np.float64(0.04373396036993578), np.float64(-0.9562660396300642), np.float64(0.0038797346368094655), np.float64(-0.29406312938779267)]",-0.3006788685027779,0.20734185350181278,-0.5989952848821958
0,14,0,State EF,"['E', 'F']",Loss Avoid,"[0.0, -10.0]","['25', '75']","[0, -1]","[np.float64(-0.00010478888052326419), np.float64(-0.6739129888964601)]",0,0,1,[np.float64(-0.006804433960204923)],[ 0.70139869 -0.29860131],"[np.float64(0.24542142871203482), np.float64(-0.5425539012983241)]","[np.float64(0.00010478888052326419), np.float64(-0.3260870111035399)]","[np.float64(0.006804433960204923), np.float64(-0.9931955660397951)]",14,"[np.float64(0.006804433960204923), np.float64(-0.9931955660397951), np.float64(0.00010478888052326419), np.float64(-0.3260870111035399)]",-0.3280933385756517,0.24542142871203482,-0.5425539012983241
0,13,0,State CD,"['D', 'C']",Reward,"[0.0, 0.0]","['75', '25']","[0, 0]","[np.float64(0.9999995809178446), np.float64(0.011718569138175889)]",0,0,1,[np.float64(0.9996790461361541)],[ 0.54574248 -0.45425752],"[np.float64(0.8410095955838017), np.float64(-0.1513730620729828)]","[np.float64(-0.9999995809178446), np.float64(-0.011718569138175889)]","[np.float64(-0.9996790461361541), np.float64(-0.9996790461361541)]",13,"[np.float64(-0.9996790461361541), np.float64(-0.9996790461361541), np.float64(-0.9999995809178446), np.float64(-0.011718569138175889)]",-0.7527690605820822,0.8410095955838017,-0.1513730620729828
0,14,0,State AB,"['A', 'B']",Reward,"[0.0, 0.0]","['75', '25']","[0, 0]","[np.float64(0.1598978263594285), np.float64(0.0003821607382692333)]",0,0,1,[np.float64(0.36398219329754167)],[-0.41622127 -0.58377873],"[np.float64(-0.041743857549777344), np.float64(-0.20407415083671906)]","[np.float64(-0.1598978263594285), np.float64(-0.0003821607382692333)]","[np.float64(-0.36398219329754167), np.float64(-0.36398219329754167)]",14,"[np.float64(-0.36398219329754167), np.float64(-0.36398219329754167), np.float64(-0.1598978263594285), np.float64(-0.0003821607382692333)]",-0.22206109342319527,-0.041743857549777344,-0.20407415083671906
0,14,0,State CD,"['C', 'D']",Reward,"[0.0, 0.0]","['75', '25']","[0, 0]","[np.float64(0.15999993294685522), np.float64(0.0038671278155980437)]",0,0,1,[np.float64(0.36988124707037706)],[-0.41009748 -0.58990252],"[np.float64(-0.03953416175002017), np.float64(-0.20395224875438522)]","[np.float64(-0.15999993294685522), np.float64(-0.0038671278155980437)]","[np.float64(-0.36988124707037706), np.float64(-0.36988124707037706)]",14,"[np.float64(-0.36988124707037706), np.float64(-0.36988124707037706), np.float64(-0.15999993294685522), np.float64(-0.0038671278155980437)]",-0.22590738872580185,-0.03953416175002017,-0.20395224875438522
0,15,0,State CD,"['C', 'D']",Reward,"[10.0, 0.0]","['75', '25']","[1, 0]","[np.float64(0.025599989271496842), np.float64(0.001276152179147354)]",1,0,0,[np.float64(0.1368560614160395)],[-0.54202394 -0.45797606],"[np.float64(-0.17306838550751447), np.float64(-0.15946212254956676)]","[np.float64(0.9744000107285031), np.float64(-0.001276152179147354)]","[np.float64(0.8631439385839605), np.float64(-0.1368560614160395)]",15,"[np.float64(0.8631439385839605), np.float64(-0.1368560614160395), np.float64(0.9744000107285031), np.float64(-0.001276152179147354)]",0.4248529339293192,-0.17306838550751447,-0.15946212254956676
0,15,0,State EF,"['E', 'F']",Loss Avoid,"[0.0, -10.0]","['25', '75']","[0, -1]","[np.float64(-1.6766220883722278e-05), np.float64(-0.8923912863358319)]",0,0,1,[np.float64(-0.0025176405652758216)],[ 0.60234798 -0.39765202],"[np.float64(0.21081089573802095), np.float64(-0.7192325423366953)]","[np.float64(1.6766220883722278e-05), np.float64(-0.10760871366416813)]","[np.float64(0.0025176405652758216), np.float64(-0.9974823594347242)]",15,"[np.float64(0.0025176405652758216), np.float64(-0.9974823594347242), np.float64(1.6766220883722278e-05), np.float64(-0.10760871366416813)]",-0.2756391665781832,0.21081089573802095,-0.7192325423366953
0,15,0,State AB,"['B', 'A']",Reward,"[0.0, 10.0]","['75', '25']","[1, 0]","[np.float64(0.02558365221750858), np.float64(0.00012611304362884697)]",0,0,1,[np.float64(0.1346734115200904)],[-0.54485759 -0.45514241],"[np.float64(-0.17407078261194747), np.float64(-0.1592178699683132)]","[np.float64(0.9744163477824914), np.float64(-0.00012611304362884697)]","[np.float64(0.8653265884799096), np.float64(-0.1346734115200904)]",15,"[np.float64(0.8653265884799096), np.float64(-0.1346734115200904), np.float64(0.9744163477824914), np.float64(-0.00012611304362884697)]",0.4262358529246705,-0.17407078261194747,-0.1592178699683132
0,15,0,State GH,"['H', 'G']",Loss Avoid,"[0.0, 0.0]","['25', '75']","[0, 0]","[np.float64(-0.0006207575418895146), np.float64(-0.9029591673020284)]",0,0,1,[np.float64(-0.016181565336876237)],[ 0.53298219 -0.46701781],"[np.float64(0.18614027533187444), np.float64(-0.7503796910122158)]","[np.float64(0.0006207575418895146), np.float64(0.9029591673020284)]","[np.float64(0.016181565336876237), np.float64(0.016181565336876237)]",15,"[np.float64(0.016181565336876237), np.float64(0.016181565336876237), np.float64(0.0006207575418895146), np.float64(0.9029591673020284)]",0.2339857638794176,0.18614027533187444,-0.7503796910122158
0,16,0,State EF,"['F', 'E']",Loss Avoid,"[-10.0, 0.0]","['25', '75']","[0, -1]","[np.float64(-2.6825953413955655e-06), np.float64(-0.9644891244908245)]",0,0,1,[np.float64(-0.000931527009152054)],[ 0.51603669 -0.48396331],"[np.float64(0.1806110962646373), np.float64(-0.7963050909674266)]","[np.float64(2.6825953413955655e-06), np.float64(-0.03551087550917553)]","[np.float64(0.000931527009152054), np.float64(-0.999068472990848)]",16,"[np.float64(0.000931527009152054), np.float64(-0.999068472990848), np.float64(2.6825953413955655e-06), np.float64(-0.03551087550917553)]",-0.25841128472388253,0.1806110962646373,-0.7963050909674266
0,16,0,State CD,"['D', 'C']",Reward,"[0.0, 10.0]","['75', '25']","[1, 0]","[np.float64(0.678447996459594), np.float64(0.0002041843486635768)]",0,0,1,[np.float64(0.05063674272393462)],[-0.40033997 -0.59966003],"[np.float64(0.3008722082840204), np.float64(-0.209748290758653)]","[np.float64(0.32155200354040603), np.float64(-0.0002041843486635768)]","[np.float64(0.9493632572760654), np.float64(-0.05063674272393462)]",16,"[np.float64(0.9493632572760654), np.float64(-0.05063674272393462), np.float64(0.32155200354040603), np.float64(-0.0002041843486635768)]",0.3050185834359683,0.3008722082840204,-0.209748290758653
0,16,0,State GH,"['G', 'H']",Loss Avoid,"[0.0, 0.0]","['25', '75']","[0, 0]","[np.float64(-9.932120670232234e-05), np.float64(-0.29797652520966933)]",0,0,1,[np.float64(-0.0059871791746442075)],[ 0.54173951 -0.45826049],"[np.float64(0.18954427006183186), np.float64(-0.3540759125400967)]","[np.float64(9.932120670232234e-05), np.float64(0.29797652520966933)]","[np.float64(0.0059871791746442075), np.float64(0.0059871791746442075)]",16,"[np.float64(0.0059871791746442075), np.float64(0.0059871791746442075), np.float64(9.932120670232234e-05), np.float64(0.29797652520966933)]",0.07751255119141502,0.18954427006183186,-0.3540759125400967
0,16,0,State AB,"['A', 'B']",Reward,"[10.0, 0.0]","['75', '25']","[1, 0]","[np.float64(0.8440933843548013), np.float64(4.16173043975195e-05)]",0,0,1,[np.float64(0.6798291622624334)],[ 0.38807311 -0.61192689],"[np.float64(0.684486289586792), np.float64(-0.21414735899597045)]","[np.float64(0.1559066156451987), np.float64(-4.16173043975195e-05)]","[np.float64(0.3201708377375666), np.float64(-0.6798291622624334)]",16,"[np.float64(0.3201708377375666), np.float64(-0.6798291622624334), np.float64(0.1559066156451987), np.float64(-4.16173043975195e-05)]",-0.050948331546016405,0.684486289586792,-0.21414735899597045
0,17,0,State CD,"['C', 'D']",Reward,"[10.0, 0.0]","['75', '25']","[1, 0]","[np.float64(0.948551679433535), np.float64(6.738083505898032e-05)]",0,0,1,[np.float64(0.6487355948078558)],[ 0.46563649 -0.53436351],"[np.float64(0.7795313643897933), np.float64(-0.18698342969921616)]","[np.float64(0.05144832056646498), np.float64(-6.738083505898032e-05)]","[np.float64(0.3512644051921442), np.float64(-0.6487355948078558)]",17,"[np.float64(0.3512644051921442), np.float64(-0.6487355948078558), np.float64(0.05144832056646498), np.float64(-6.738083505898032e-05)]",-0.0615225624710764,0.7795313643897933,-0.18698342969921616
0,17,0,State GH,"['H', 'G']",Loss Avoid,"[-10.0, 0.0]","['25', '75']","[0, -1]","[np.float64(-1.5891393072371582e-05), np.float64(-0.09833225331919088)]",0,0,1,[np.float64(-0.0022152562946183567)],[ 0.54496408 -0.45503592],"[np.float64(0.19072709877973112), np.float64(-0.2231785364722459)]","[np.float64(1.5891393072371582e-05), np.float64(-0.9016677466808092)]","[np.float64(0.0022152562946183567), np.float64(-0.9977847437053816)]",17,"[np.float64(0.0022152562946183567), np.float64(-0.9977847437053816), np.float64(1.5891393072371582e-05), np.float64(-0.9016677466808092)]",-0.474305335674625,0.19072709877973112,-0.2231785364722459
0,17,0,State AB,"['B', 'A']",Reward,"[0.0, 10.0]","['75', '25']","[1, 0]","[np.float64(0.9750549414967682), np.float64(1.3733710451181431e-05)]",0,0,1,[np.float64(0.8815367900371004)],[ 0.49102476 -0.50897524],"[np.float64(0.8056443780407315), np.float64(-0.17813240702037453)]","[np.float64(0.02494505850323181), np.float64(-1.3733710451181431e-05)]","[np.float64(0.11846320996289961), np.float64(-0.8815367900371004)]",17,"[np.float64(0.11846320996289961), np.float64(-0.8815367900371004), np.float64(0.02494505850323181), np.float64(-1.3733710451181431e-05)]",-0.18453556382035505,0.8056443780407315,-0.17813240702037453
0,18,0,State CD,"['D', 'C']",Reward,"[0.0, 10.0]","['75', '25']","[1, 0]","[np.float64(0.9917682687093656), np.float64(2.2235675569463503e-05)]",0,0,1,[np.float64(0.8700321700789067)],[ 0.55679763 -0.44320237],"[np.float64(0.8395285454132553), np.float64(-0.1551063760587122)]","[np.float64(0.00823173129063437), np.float64(-2.2235675569463503e-05)]","[np.float64(0.12996782992109335), np.float64(-0.8700321700789067)]",18,"[np.float64(0.12996782992109335), np.float64(-0.8700321700789067), np.float64(0.00823173129063437), np.float64(-2.2235675569463503e-05)]",-0.1829637111356871,0.8395285454132553,-0.1551063760587122
0,18,0,State GH,"['G', 'H']",Loss Avoid,"[0.0, -10.0]","['25', '75']","[0, -1]","[np.float64(-2.5426228915794537e-06), np.float64(-0.7024496435953331)]",0,0,1,[np.float64(-0.000819644829008792)],[ 0.46692069 -0.53307931],"[np.float64(0.1634205893058413), np.float64(-0.6431700263262456)]","[np.float64(2.5426228915794537e-06), np.float64(-0.29755035640466687)]","[np.float64(0.000819644829008792), np.float64(-0.9991803551709912)]",18,"[np.float64(0.000819644829008792), np.float64(-0.9991803551709912), np.float64(2.5426228915794537e-06), np.float64(-0.29755035640466687)]",-0.32397713103093945,0.1634205893058413,-0.6431700263262456
0,17,0,State EF,"['E', 'F']",Loss Avoid,"[0.0, -10.0]","['25', '75']","[0, -1]","[np.float64(-4.292152546232906e-07), np.float64(-0.9882814110819721)]",0,0,1,[np.float64(-0.00034466499338626003)],[ 0.44155249 -0.55844751],"[np.float64(0.15454309284131695), np.float64(-0.8378395453720494)]","[np.float64(4.292152546232906e-07), np.float64(-0.011718588918027906)]","[np.float64(0.00034466499338626003), np.float64(-0.9996553350066137)]",17,"[np.float64(0.00034466499338626003), np.float64(-0.9996553350066137), np.float64(4.292152546232906e-07), np.float64(-0.011718588918027906)]",-0.2527572074290002,0.15454309284131695,-0.8378395453720494
0,18,0,State AB,"['A', 'B']",Reward,"[10.0, 0.0]","['75', '25']","[1, 0]","[np.float64(0.9960087906394829), np.float64(4.532124448889872e-06)]",0,0,1,[np.float64(0.9561686123137272)],[ 0.47957361 -0.52042639],"[np.float64(0.8152564775709384), np.float64(-0.18214629046383365)]","[np.float64(0.003991209360517112), np.float64(-4.532124448889872e-06)]","[np.float64(0.043831387686272816), np.float64(-0.9561686123137272)]",18,"[np.float64(0.043831387686272816), np.float64(-0.9561686123137272), np.float64(0.003991209360517112), np.float64(-4.532124448889872e-06)]",-0.22708763684784652,0.8152564775709384,-0.18214629046383365
0,18,0,State EF,"['F', 'E']",Loss Avoid,"[-10.0, 0.0]","['25', '75']","[0, -1]","[np.float64(-6.867444073972653e-08), np.float64(-0.9961328656570508)]",0,0,1,[np.float64(-0.0001275260475529162)],[ 0.37759389 -0.62240611],"[np.float64(0.13215781542290675), np.float64(-0.8653285026157898)]","[np.float64(6.867444073972653e-08), np.float64(-0.0038671343429491634)]","[np.float64(0.0001275260475529162), np.float64(-0.999872473952447)]",18,"[np.float64(0.0001275260475529162), np.float64(-0.999872473952447), np.float64(6.867444073972653e-08), np.float64(-0.0038671343429491634)]",-0.25090300339335064,0.13215781542290675,-0.8653285026157898
0,19,0,State CD,"['C', 'D']",Reward,"[10.0, 0.0]","['75', '25']","[1, 0]","[np.float64(0.9986829229934985), np.float64(7.337772937922955e-06)]",0,0,1,[np.float64(0.9519119029291955)],[ 0.5364856 -0.4635144],"[np.float64(0.8369138593909055), np.float64(-0.1622252710024589)]","[np.float64(0.0013170770065015214), np.float64(-7.337772937922955e-06)]","[np.float64(0.048088097070804525), np.float64(-0.9519119029291955)]",19,"[np.float64(0.048088097070804525), np.float64(-0.9519119029291955), np.float64(0.0013170770065015214), np.float64(-7.337772937922955e-06)]",-0.22562851665620684,0.8369138593909055,-0.1622252710024589
0,19,0,State AB,"['A', 'B']",Reward,"[0.0, 0.0]","['75', '25']","[0, 0]","[np.float64(0.9993614065023173), np.float64(1.4956010681336573e-06)]",0,0,1,[np.float64(0.9837823865560791)],[ 0.43345241 -0.56654759],"[np.float64(0.801293259459493), np.float64(-0.19829068262631883)]","[np.float64(-0.9993614065023173), np.float64(-1.4956010681336573e-06)]","[np.float64(-0.9837823865560791), np.float64(-0.9837823865560791)]",19,"[np.float64(-0.9837823865560791), np.float64(-0.9837823865560791), np.float64(-0.9993614065023173), np.float64(-1.4956010681336573e-06)]",-0.7417319188038859,0.801293259459493,-0.19829068262631883
0,20,0,State AB,"['B', 'A']",Reward,"[0.0, 0.0]","['75', '25']","[0, 0]","[np.float64(0.15989782504037076), np.float64(4.935483524841069e-07)]",0,0,1,[np.float64(0.36399948302574925)],[-0.41967374 -0.58032626],"[np.float64(-0.042952222038398435), np.float64(-0.20311387087893143)]","[np.float64(-0.15989782504037076), np.float64(-4.935483524841069e-07)]","[np.float64(-0.36399948302574925), np.float64(-0.36399948302574925)]",20,"[np.float64(-0.36399948302574925), np.float64(-0.36399948302574925), np.float64(-0.15989782504037076), np.float64(-4.935483524841069e-07)]",-0.22197432116005544,-0.042952222038398435,-0.20311387087893143
0,19,0,State EF,"['F', 'E']",Loss Avoid,"[-10.0, 0.0]","['25', '75']","[0, -1]","[np.float64(-1.0987910518356248e-08), np.float64(-0.9987238456668268)]",0,0,1,[np.float64(-4.7184637594578996e-05)],[ 0.32280813 -0.67719187],"[np.float64(0.11298283970258072), np.float64(-0.8861876528387148)]","[np.float64(1.0987910518356248e-08), np.float64(-0.001276154333173185)]","[np.float64(4.7184637594578996e-05), np.float64(-0.9999528153624054)]",19,"[np.float64(4.7184637594578996e-05), np.float64(-0.9999528153624054), np.float64(1.0987910518356248e-08), np.float64(-0.001276154333173185)]",-0.2502954435175184,0.11298283970258072,-0.8861876528387148
0,20,0,State CD,"['D', 'C']",Reward,"[0.0, 10.0]","['75', '25']","[1, 0]","[np.float64(0.9997892676789597), np.float64(2.421465069514575e-06)]",0,0,1,[np.float64(0.9822074040838024)],[ 0.48274228 -0.51725772],"[np.float64(0.8188228214908193), np.float64(-0.1810386285482092)]","[np.float64(0.0002107323210402967), np.float64(-2.421465069514575e-06)]","[np.float64(0.01779259591619764), np.float64(-0.9822074040838024)]",20,"[np.float64(0.01779259591619764), np.float64(-0.9822074040838024), np.float64(0.0002107323210402967), np.float64(-2.421465069514575e-06)]",-0.2410516243279085,0.8188228214908193,-0.1810386285482092
0,20,0,State EF,"['E', 'F']",Loss Avoid,"[0.0, -10.0]","['25', '75']","[0, -1]","[np.float64(-1.7580656829370004e-09), np.float64(-0.9995788690700529)]",0,0,1,[np.float64(-1.7458315909994227e-05)],[ 0.2759349 -0.7240651],"[np.float64(0.09657721256421993), np.float64(-0.9031490511885718)]","[np.float64(1.7580656829370004e-09), np.float64(-0.0004211309299471111)]","[np.float64(1.7458315909994227e-05), np.float64(-0.99998254168409)]",20,"[np.float64(1.7458315909994227e-05), np.float64(-0.99998254168409), np.float64(1.7580656829370004e-09), np.float64(-0.0004211309299471111)]",-0.25009655313501533,0.09657721256421993,-0.9031490511885718
0,19,0,State GH,"['H', 'G']",Loss Avoid,"[-10.0, 0.0]","['25', '75']","[0, -1]","[np.float64(-4.068196626527126e-07), np.float64(-0.90180838238646)]",0,0,1,[np.float64(-0.000303268586733253)],[ 0.39953734 -0.60046266],"[np.float64(0.13983780391925), np.float64(-0.7963373801991682)]","[np.float64(4.068196626527126e-07), np.float64(-0.09819161761354)]","[np.float64(0.000303268586733253), np.float64(-0.9996967314132668)]",19,"[np.float64(0.000303268586733253), np.float64(-0.9996967314132668), np.float64(4.068196626527126e-07), np.float64(-0.09819161761354)]",-0.2743961684051027,0.13983780391925,-0.7963373801991682
0,20,0,State GH,"['G', 'H']",Loss Avoid,"[0.0, -10.0]","['25', '75']","[0, -1]","[np.float64(-6.509114602443403e-08), np.float64(-0.9675967661875318)]",0,0,1,[np.float64(-0.0001122093770913036)],[ 0.34166719 -0.65833281],"[np.float64(0.11958347399746519), np.float64(-0.8593543817151855)]","[np.float64(6.509114602443403e-08), np.float64(-0.032403233812468235)]","[np.float64(0.0001122093770913036), np.float64(-0.9998877906229087)]",20,"[np.float64(0.0001122093770913036), np.float64(-0.9998877906229087), np.float64(6.509114602443403e-08), np.float64(-0.032403233812468235)]",-0.2580446874917849,0.11958347399746519,-0.8593543817151855
0,21,0,State CD,"['D', 'C']",Reward,"[0.0, 10.0]","['75', '25']","[1, 0]","[np.float64(0.9999662828286335), np.float64(7.990834729398096e-07)]",0,0,1,[np.float64(0.9934167395110068)],[ 0.42230155 -0.57769845],"[np.float64(0.7977836257453479), np.float64(-0.20219393868900648)]","[np.float64(3.371717136646524e-05), np.float64(-7.990834729398096e-07)]","[np.float64(0.006583260488993159), np.float64(-0.9934167395110068)]",21,"[np.float64(0.006583260488993159), np.float64(-0.9934167395110068), np.float64(3.371717136646524e-05), np.float64(-7.990834729398096e-07)]",-0.24670014023353004,0.7977836257453479,-0.20219393868900648
0,21,0,State EF,"['E', 'F']",Loss Avoid,"[0.0, -10.0]","['25', '75']","[0, -1]","[np.float64(-2.812905092699202e-10), np.float64(-0.9998610267931175)]",0,0,1,[np.float64(-6.459576886697865e-06)],[ 0.23585356 -0.76414644],"[np.float64(0.08254874731118618), np.float64(-0.9173609199215014)]","[np.float64(2.812905092699202e-10), np.float64(-0.0001389732068824978)]","[np.float64(6.459576886697865e-06), np.float64(-0.9999935404231133)]",21,"[np.float64(6.459576886697865e-06), np.float64(-0.9999935404231133), np.float64(2.812905092699202e-10), np.float64(-0.0001389732068824978)]",-0.2500315134429546,0.08254874731118618,-0.9173609199215014
0,22,0,State EF,"['F', 'E']",Loss Avoid,"[-10.0, 0.0]","['25', '75']","[0, -1]","[np.float64(-4.500648148318723e-11), np.float64(-0.9999541388417288)]",0,0,1,[np.float64(-2.39004344807821e-06)],[ 0.20158875 -0.79841125],"[np.float64(0.07055606318563627), np.float64(-0.9294141270322333)]","[np.float64(4.500648148318723e-11), np.float64(-4.5861158271209845e-05)]","[np.float64(2.39004344807821e-06), np.float64(-0.999997609956552)]",22,"[np.float64(2.39004344807821e-06), np.float64(-0.999997609956552), np.float64(4.500648148318723e-11), np.float64(-4.5861158271209845e-05)]",-0.25001027025659217,0.07055606318563627,-0.9294141270322333
0,21,0,State AB,"['A', 'B']",Reward,"[10.0, 10.0]","['75', '25']","[1, 1]","[np.float64(0.025583652006459318), np.float64(1.6287095631975526e-07)]",1,0,0,[np.float64(0.13467980871952723)],[-0.54729561 -0.45270439],"[np.float64(-0.17492409079111482), np.float64(-0.15844642953856497)]","[np.float64(0.9744163479935407), np.float64(0.9999998371290437)]","[np.float64(0.8653201912804728), np.float64(0.8653201912804728)]",21,"[np.float64(0.8653201912804728), np.float64(0.8653201912804728), np.float64(0.9744163479935407), np.float64(0.9999998371290437)]",0.9262641419208825,-0.17492409079111482,-0.15844642953856497
0,22,0,State AB,"['B', 'A']",Reward,"[10.0, 10.0]","['75', '25']","[1, 1]","[np.float64(0.6784426051621316), np.float64(0.840000026059353)]",1,0,0,[np.float64(0.679831529226225)],[-0.50306837  0.49693163],"[np.float64(0.2649137639014054), np.float64(0.7199260874845993)]","[np.float64(0.3215573948378684), np.float64(0.15999997394064702)]","[np.float64(0.32016847077377497), np.float64(0.32016847077377497)]",22,"[np.float64(0.32016847077377497), np.float64(0.32016847077377497), np.float64(0.3215573948378684), np.float64(0.15999997394064702)]",0.28047357758151636,0.2649137639014054,0.7199260874845993
0,21,0,State GH,"['G', 'H']",Loss Avoid,"[0.0, 0.0]","['25', '75']","[0, 0]","[np.float64(-1.0414583363909449e-08), np.float64(-0.9893069328418855)]",0,0,1,[np.float64(-4.151746952378234e-05)],[ 0.29209454 -0.70790546],"[np.float64(0.10223308058018082), np.float64(-0.8908164189975656)]","[np.float64(1.0414583363909449e-08), np.float64(0.9893069328418855)]","[np.float64(4.151746952378234e-05), np.float64(4.151746952378234e-05)]",21,"[np.float64(4.151746952378234e-05), np.float64(4.151746952378234e-05), np.float64(1.0414583363909449e-08), np.float64(0.9893069328418855)]",0.2473474945488791,0.10223308058018082,-0.8908164189975656
0,22,0,State CD,"['C', 'D']",Reward,"[10.0, 0.0]","['75', '25']","[1, 0]","[np.float64(0.9999946052525813), np.float64(2.636975460701371e-07)]",0,0,1,[np.float64(0.9975641936190726)],[ 0.36479308 -0.63520692],"[np.float64(0.7776740721316368), np.float64(-0.2223222498791361)]","[np.float64(5.394747418674406e-06), np.float64(-2.636975460701371e-07)]","[np.float64(0.002435806380927441), np.float64(-0.9975641936190726)]",22,"[np.float64(0.002435806380927441), np.float64(-0.9975641936190726), np.float64(5.394747418674406e-06), np.float64(-2.636975460701371e-07)]",-0.24878081404706812,0.7776740721316368,-0.2223222498791361
0,22,0,State GH,"['H', 'G']",Loss Avoid,"[0.0, 0.0]","['25', '75']","[0, 0]","[np.float64(-1.6663333382255118e-09), np.float64(-0.3264712878378222)]",0,0,1,[np.float64(-1.5361463723799466e-05)],[ 0.2921254 -0.7078746],"[np.float64(0.10224388838346242), np.float64(-0.45996244762800537)]","[np.float64(1.6663333382255118e-09), np.float64(0.3264712878378222)]","[np.float64(1.5361463723799466e-05), np.float64(1.5361463723799466e-05)]",22,"[np.float64(1.5361463723799466e-05), np.float64(1.5361463723799466e-05), np.float64(1.6663333382255118e-09), np.float64(0.3264712878378222)]",0.08162550310790079,0.10224388838346242,-0.45996244762800537
0,23,0,State EF,"['E', 'F']",Loss Avoid,"[-10.0, 0.0]","['25', '75']","[-1, 0]","[np.float64(-7.201037037309958e-12), np.float64(-0.9999848658177705)]",0,0,1,[np.float64(-8.843160757889376e-07)],[ 0.1722998 -0.8277002],"[np.float64(0.06030492841699448), np.float64(-0.9396852343598756)]","[np.float64(-0.999999999992799), np.float64(0.9999848658177705)]","[np.float64(-0.9999991156839242), np.float64(8.843160757889376e-07)]",23,"[np.float64(-0.9999991156839242), np.float64(8.843160757889376e-07), np.float64(-0.999999999992799), np.float64(0.9999848658177705)]",-0.2500033413857192,0.06030492841699448,-0.9396852343598756
0,23,0,State AB,"['B', 'A']",Reward,"[0.0, 10.0]","['75', '25']","[1, 0]","[np.float64(0.8938860597035034), np.float64(0.9744000041694965)]",1,0,0,[np.float64(0.8815376658137033)],[-0.35625089  0.64374911],"[np.float64(0.4563381287858712), np.float64(0.8586721926887666)]","[np.float64(0.10611394029649657), np.float64(-0.9744000041694965)]","[np.float64(0.1184623341862967), np.float64(-0.8815376658137033)]",23,"[np.float64(0.1184623341862967), np.float64(-0.8815376658137033), np.float64(0.10611394029649657), np.float64(-0.9744000041694965)]",-0.4078403488751016,0.4563381287858712,0.8586721926887666
0,23,0,State GH,"['H', 'G']",Loss Avoid,"[-10.0, -10.0]","['25', '75']","[-1, -1]","[np.float64(-2.6661333411608187e-10), np.float64(-0.10773552498648131)]",0,0,1,[np.float64(-5.683741577805802e-06)],[ 0.29213682 -0.70786318],"[np.float64(0.10224788602680998), np.float64(-0.3177802050411042)]","[np.float64(-0.9999999997333867), np.float64(-0.8922644750135187)]","[np.float64(-0.9999943162584222), np.float64(-0.9999943162584222)]",23,"[np.float64(-0.9999943162584222), np.float64(-0.9999943162584222), np.float64(-0.9999999997333867), np.float64(-0.8922644750135187)]",-0.9730632768159374,0.10224788602680998,-0.3177802050411042
0,23,0,State CD,"['C', 'D']",Reward,"[0.0, 10.0]","['75', '25']","[0, 1]","[np.float64(0.999999136840413), np.float64(8.702019020314523e-08)]",0,0,1,[np.float64(0.9990987516390568)],[ 0.31330088 -0.68669912],"[np.float64(0.7596547466697984), np.float64(-0.2403446357133464)]","[np.float64(-0.999999136840413), np.float64(0.9999999129798098)]","[np.float64(-0.9990987516390568), np.float64(0.0009012483609431854)]",23,"[np.float64(-0.9990987516390568), np.float64(0.0009012483609431854), np.float64(-0.999999136840413), np.float64(0.9999999129798098)]",-0.24954918178467922,0.7596547466697984,-0.2403446357133464
0,24,0,State EF,"['F', 'E']",Loss Avoid,"[0.0, -10.0]","['25', '75']","[-1, 0]","[np.float64(-0.8400000000011522), np.float64(-0.3299950057198642)]",1,0,0,[np.float64(-0.6300003271969481)],[-0.49388507 -0.50611493],"[np.float64(-0.7188597733571493), np.float64(-0.3916369803615113)]","[np.float64(-0.15999999999884784), np.float64(0.3299950057198642)]","[np.float64(-0.3699996728030519), np.float64(0.6300003271969481)]",24,"[np.float64(-0.3699996728030519), np.float64(0.6300003271969481), np.float64(-0.15999999999884784), np.float64(0.3299950057198642)]",0.10749891502872813,-0.7188597733571493,-0.3916369803615113
0,24,0,State CD,"['D', 'C']",Reward,"[10.0, 0.0]","['75', '25']","[0, 1]","[np.float64(0.15999986189446613), np.float64(0.6700000287166628)]",1,0,0,[np.float64(0.369666538106451)],[-0.49233563 -0.50766437],"[np.float64(-0.06831755914760261), np.float64(0.2578174880448364)]","[np.float64(-0.15999986189446613), np.float64(0.32999997128333725)]","[np.float64(-0.369666538106451), np.float64(0.630333461893549)]",24,"[np.float64(-0.369666538106451), np.float64(0.630333461893549), np.float64(-0.15999986189446613), np.float64(0.32999997128333725)]",0.10766675829399228,-0.06831755914760261,0.2578174880448364
0,24,0,State AB,"['A', 'B']",Reward,"[10.0, 0.0]","['75', '25']","[1, 0]","[np.float64(0.9649823997021562), np.float64(0.1559040006671195)]",0,0,1,[np.float64(0.32616893635107025)],[-0.60422499 -0.39577501],"[np.float64(0.41575981263574013), np.float64(-0.03718365239571084)]","[np.float64(0.03501760029784384), np.float64(-0.1559040006671195)]","[np.float64(0.6738310636489298), np.float64(-0.32616893635107025)]",24,"[np.float64(0.6738310636489298), np.float64(-0.32616893635107025), np.float64(0.03501760029784384), np.float64(-0.1559040006671195)]",0.05669393173214596,0.41575981263574013,-0.03718365239571084
0,24,0,State GH,"['G', 'H']",Loss Avoid,"[-10.0, -10.0]","['25', '75']","[-1, -1]","[np.float64(-0.8400000000426581), np.float64(-0.7055527232455389)]",0,0,1,[np.float64(-0.6300021029843837)],[-0.43932356 -0.56067644],"[np.float64(-0.6997632467657148), np.float64(-0.6548460233716132)]","[np.float64(-0.15999999995734193), np.float64(-0.29444727675446114)]","[np.float64(-0.36999789701561625), np.float64(-0.36999789701561625)]",24,"[np.float64(-0.36999789701561625), np.float64(-0.36999789701561625), np.float64(-0.15999999995734193), np.float64(-0.29444727675446114)]",-0.2986107676857589,-0.6997632467657148,-0.6548460233716132
