block_number,trial_number,state_id,stim_id,q_values,action
0,42624,State DH,DH,"[np.float64(-0.13060466022097497), np.float64(-0.7719734083702416)]",0
0,42625,State BG,BG,"[np.float64(-0.0322996927375317), np.float64(0.030465388169781123)]",1
0,42626,State AH,AH,"[np.float64(0.5461130850813913), np.float64(-0.7719734083702416)]",0
0,42627,State BE,BE,"[np.float64(-0.0322996927375317), np.float64(0.140685188525608)]",1
0,42628,State CD,CD,"[np.float64(0.6789103086862444), np.float64(-0.13060466022097497)]",0
0,42629,State GF,GF,"[np.float64(0.030465388169781123), np.float64(-0.7622361372160831)]",0
0,42630,State CF,CF,"[np.float64(0.6789103086862444), np.float64(-0.7622361372160831)]",0
0,42631,State AE,AE,"[np.float64(0.5461130850813913), np.float64(0.140685188525608)]",0
0,42632,State AG,AG,"[np.float64(0.5461130850813913), np.float64(0.030465388169781123)]",0
0,42633,State BN,BN,"[np.float64(-0.0322996927375317), np.float64(0.74)]",1
0,42634,State EF,EF,"[np.float64(0.140685188525608), np.float64(-0.7622361372160831)]",0
0,42635,State AB,AB,"[np.float64(0.5461130850813913), np.float64(-0.0322996927375317)]",0
0,42636,State BE,BE,"[np.float64(-0.0322996927375317), np.float64(0.140685188525608)]",1
0,42637,State EN,EN,"[np.float64(0.140685188525608), np.float64(0.74)]",1
0,42638,State CE,CE,"[np.float64(0.6789103086862444), np.float64(0.140685188525608)]",0
0,42639,State CB,CB,"[np.float64(0.6789103086862444), np.float64(-0.0322996927375317)]",0
0,42640,State DN,DN,"[np.float64(-0.13060466022097497), np.float64(0.74)]",1
0,42641,State AE,AE,"[np.float64(0.5461130850813913), np.float64(0.140685188525608)]",0
0,42642,State EH,EH,"[np.float64(0.140685188525608), np.float64(-0.7719734083702416)]",0
0,42643,State BF,BF,"[np.float64(-0.0322996927375317), np.float64(-0.7622361372160831)]",0
0,42644,State AD,AD,"[np.float64(0.5461130850813913), np.float64(-0.13060466022097497)]",0
0,42645,State DE,DE,"[np.float64(-0.13060466022097497), np.float64(0.140685188525608)]",1
0,42646,State CF,CF,"[np.float64(0.6789103086862444), np.float64(-0.7622361372160831)]",0
0,42647,State AB,AB,"[np.float64(0.5461130850813913), np.float64(-0.0322996927375317)]",0
0,42648,State AB,AB,"[np.float64(0.5461130850813913), np.float64(-0.0322996927375317)]",0
0,42649,State BN,BN,"[np.float64(-0.0322996927375317), np.float64(0.74)]",1
0,42650,State BF,BF,"[np.float64(-0.0322996927375317), np.float64(-0.7622361372160831)]",0
0,42651,State AN,AN,"[np.float64(0.5461130850813913), np.float64(0.74)]",1
0,42652,State CB,CB,"[np.float64(0.6789103086862444), np.float64(-0.0322996927375317)]",0
0,42653,State CB,CB,"[np.float64(0.6789103086862444), np.float64(-0.0322996927375317)]",0
0,42654,State BF,BF,"[np.float64(-0.0322996927375317), np.float64(-0.7622361372160831)]",0
0,42655,State EF,EF,"[np.float64(0.140685188525608), np.float64(-0.7622361372160831)]",0
0,42656,State CG,CG,"[np.float64(0.6789103086862444), np.float64(0.030465388169781123)]",0
0,42657,State CD,CD,"[np.float64(0.6789103086862444), np.float64(-0.13060466022097497)]",0
0,42658,State CF,CF,"[np.float64(0.6789103086862444), np.float64(-0.7622361372160831)]",0
0,42659,State BN,BN,"[np.float64(-0.0322996927375317), np.float64(0.74)]",1
0,42660,State CG,CG,"[np.float64(0.6789103086862444), np.float64(0.030465388169781123)]",0
0,42661,State DE,DE,"[np.float64(-0.13060466022097497), np.float64(0.140685188525608)]",0
0,42662,State CB,CB,"[np.float64(0.6789103086862444), np.float64(-0.0322996927375317)]",0
0,42663,State AH,AH,"[np.float64(0.5461130850813913), np.float64(-0.7719734083702416)]",0
0,42664,State DE,DE,"[np.float64(-0.13060466022097497), np.float64(0.140685188525608)]",1
0,42665,State GF,GF,"[np.float64(0.030465388169781123), np.float64(-0.7622361372160831)]",0
0,42666,State GH,GH,"[np.float64(0.030465388169781123), np.float64(-0.7719734083702416)]",0
0,42667,State AH,AH,"[np.float64(0.5461130850813913), np.float64(-0.7719734083702416)]",0
0,42668,State AF,AF,"[np.float64(0.5461130850813913), np.float64(-0.7622361372160831)]",0
0,42669,State HN,HN,"[np.float64(-0.7719734083702416), np.float64(0.74)]",1
0,42670,State EN,EN,"[np.float64(0.140685188525608), np.float64(0.74)]",1
0,42671,State EH,EH,"[np.float64(0.140685188525608), np.float64(-0.7719734083702416)]",0
0,42672,State CB,CB,"[np.float64(0.6789103086862444), np.float64(-0.0322996927375317)]",0
0,42673,State DH,DH,"[np.float64(-0.13060466022097497), np.float64(-0.7719734083702416)]",0
0,42674,State GF,GF,"[np.float64(0.030465388169781123), np.float64(-0.7622361372160831)]",0
0,42675,State AG,AG,"[np.float64(0.5461130850813913), np.float64(0.030465388169781123)]",1
0,42676,State AD,AD,"[np.float64(0.5461130850813913), np.float64(-0.13060466022097497)]",0
0,42677,State CD,CD,"[np.float64(0.6789103086862444), np.float64(-0.13060466022097497)]",0
0,42678,State GF,GF,"[np.float64(0.030465388169781123), np.float64(-0.7622361372160831)]",0
0,42679,State AD,AD,"[np.float64(0.5461130850813913), np.float64(-0.13060466022097497)]",0
0,42680,State AG,AG,"[np.float64(0.5461130850813913), np.float64(0.030465388169781123)]",0
0,42681,State CE,CE,"[np.float64(0.6789103086862444), np.float64(0.140685188525608)]",0
0,42682,State EN,EN,"[np.float64(0.140685188525608), np.float64(0.74)]",1
0,42683,State BG,BG,"[np.float64(-0.0322996927375317), np.float64(0.030465388169781123)]",1
0,42684,State AD,AD,"[np.float64(0.5461130850813913), np.float64(-0.13060466022097497)]",0
0,42685,State DH,DH,"[np.float64(-0.13060466022097497), np.float64(-0.7719734083702416)]",0
0,42686,State EH,EH,"[np.float64(0.140685188525608), np.float64(-0.7719734083702416)]",0
0,42687,State EN,EN,"[np.float64(0.140685188525608), np.float64(0.74)]",1
0,42688,State GN,GN,"[np.float64(0.030465388169781123), np.float64(0.74)]",1
0,42689,State AH,AH,"[np.float64(0.5461130850813913), np.float64(-0.7719734083702416)]",0
0,42690,State AE,AE,"[np.float64(0.5461130850813913), np.float64(0.140685188525608)]",0
0,42691,State DN,DN,"[np.float64(-0.13060466022097497), np.float64(0.74)]",1
0,42692,State HN,HN,"[np.float64(-0.7719734083702416), np.float64(0.74)]",1
0,42693,State BG,BG,"[np.float64(-0.0322996927375317), np.float64(0.030465388169781123)]",0
0,42694,State CD,CD,"[np.float64(0.6789103086862444), np.float64(-0.13060466022097497)]",0
0,42695,State AE,AE,"[np.float64(0.5461130850813913), np.float64(0.140685188525608)]",0
0,42696,State GN,GN,"[np.float64(0.030465388169781123), np.float64(0.74)]",1
0,42697,State FN,FN,"[np.float64(-0.7622361372160831), np.float64(0.74)]",1
0,42698,State GH,GH,"[np.float64(0.030465388169781123), np.float64(-0.7719734083702416)]",0
0,42699,State DG,DG,"[np.float64(-0.13060466022097497), np.float64(0.030465388169781123)]",0
0,42700,State DG,DG,"[np.float64(-0.13060466022097497), np.float64(0.030465388169781123)]",1
0,42701,State HN,HN,"[np.float64(-0.7719734083702416), np.float64(0.74)]",1
0,42702,State CB,CB,"[np.float64(0.6789103086862444), np.float64(-0.0322996927375317)]",0
0,42703,State DF,DF,"[np.float64(-0.13060466022097497), np.float64(-0.7622361372160831)]",0
0,42704,State DE,DE,"[np.float64(-0.13060466022097497), np.float64(0.140685188525608)]",1
0,42705,State CF,CF,"[np.float64(0.6789103086862444), np.float64(-0.7622361372160831)]",0
0,42706,State FN,FN,"[np.float64(-0.7622361372160831), np.float64(0.74)]",1
0,42707,State CF,CF,"[np.float64(0.6789103086862444), np.float64(-0.7622361372160831)]",0
0,42708,State DH,DH,"[np.float64(-0.13060466022097497), np.float64(-0.7719734083702416)]",0
0,42709,State CE,CE,"[np.float64(0.6789103086862444), np.float64(0.140685188525608)]",0
0,42710,State DE,DE,"[np.float64(-0.13060466022097497), np.float64(0.140685188525608)]",0
0,42711,State BG,BG,"[np.float64(-0.0322996927375317), np.float64(0.030465388169781123)]",1
0,42712,State CG,CG,"[np.float64(0.6789103086862444), np.float64(0.030465388169781123)]",0
0,42713,State AB,AB,"[np.float64(0.5461130850813913), np.float64(-0.0322996927375317)]",0
0,42714,State EH,EH,"[np.float64(0.140685188525608), np.float64(-0.7719734083702416)]",0
0,42715,State CG,CG,"[np.float64(0.6789103086862444), np.float64(0.030465388169781123)]",0
0,42716,State AB,AB,"[np.float64(0.5461130850813913), np.float64(-0.0322996927375317)]",0
0,42717,State CD,CD,"[np.float64(0.6789103086862444), np.float64(-0.13060466022097497)]",0
0,42718,State GF,GF,"[np.float64(0.030465388169781123), np.float64(-0.7622361372160831)]",0
0,42719,State FN,FN,"[np.float64(-0.7622361372160831), np.float64(0.74)]",1
0,42720,State BH,BH,"[np.float64(-0.0322996927375317), np.float64(-0.7719734083702416)]",0
0,42721,State DE,DE,"[np.float64(-0.13060466022097497), np.float64(0.140685188525608)]",1
0,42722,State CH,CH,"[np.float64(0.6789103086862444), np.float64(-0.7719734083702416)]",0
0,42723,State CN,CN,"[np.float64(0.6789103086862444), np.float64(0.74)]",1
0,42724,State DG,DG,"[np.float64(-0.13060466022097497), np.float64(0.030465388169781123)]",0
0,42725,State AF,AF,"[np.float64(0.5461130850813913), np.float64(-0.7622361372160831)]",0
0,42726,State AD,AD,"[np.float64(0.5461130850813913), np.float64(-0.13060466022097497)]",0
0,42727,State HN,HN,"[np.float64(-0.7719734083702416), np.float64(0.74)]",1
0,42728,State DE,DE,"[np.float64(-0.13060466022097497), np.float64(0.140685188525608)]",1
0,42729,State AH,AH,"[np.float64(0.5461130850813913), np.float64(-0.7719734083702416)]",0
0,42730,State AF,AF,"[np.float64(0.5461130850813913), np.float64(-0.7622361372160831)]",0
0,42731,State AN,AN,"[np.float64(0.5461130850813913), np.float64(0.74)]",1
0,42732,State AG,AG,"[np.float64(0.5461130850813913), np.float64(0.030465388169781123)]",0
0,42733,State GF,GF,"[np.float64(0.030465388169781123), np.float64(-0.7622361372160831)]",0
0,42734,State CH,CH,"[np.float64(0.6789103086862444), np.float64(-0.7719734083702416)]",0
0,42735,State AN,AN,"[np.float64(0.5461130850813913), np.float64(0.74)]",0
0,42736,State BF,BF,"[np.float64(-0.0322996927375317), np.float64(-0.7622361372160831)]",0
0,42737,State BE,BE,"[np.float64(-0.0322996927375317), np.float64(0.140685188525608)]",1
0,42738,State CD,CD,"[np.float64(0.6789103086862444), np.float64(-0.13060466022097497)]",0
0,42739,State DF,DF,"[np.float64(-0.13060466022097497), np.float64(-0.7622361372160831)]",0
0,42740,State CG,CG,"[np.float64(0.6789103086862444), np.float64(0.030465388169781123)]",0
0,42741,State GH,GH,"[np.float64(0.030465388169781123), np.float64(-0.7719734083702416)]",0
0,42742,State BH,BH,"[np.float64(-0.0322996927375317), np.float64(-0.7719734083702416)]",0
0,42743,State EF,EF,"[np.float64(0.140685188525608), np.float64(-0.7622361372160831)]",0
0,42744,State GF,GF,"[np.float64(0.030465388169781123), np.float64(-0.7622361372160831)]",0
0,42745,State BG,BG,"[np.float64(-0.0322996927375317), np.float64(0.030465388169781123)]",1
0,42746,State CN,CN,"[np.float64(0.6789103086862444), np.float64(0.74)]",1
0,42747,State BN,BN,"[np.float64(-0.0322996927375317), np.float64(0.74)]",1
0,42748,State CH,CH,"[np.float64(0.6789103086862444), np.float64(-0.7719734083702416)]",0
0,42749,State GH,GH,"[np.float64(0.030465388169781123), np.float64(-0.7719734083702416)]",0
0,42750,State DE,DE,"[np.float64(-0.13060466022097497), np.float64(0.140685188525608)]",1
0,42751,State DE,DE,"[np.float64(-0.13060466022097497), np.float64(0.140685188525608)]",1
0,42752,State AH,AH,"[np.float64(0.5461130850813913), np.float64(-0.7719734083702416)]",0
0,42753,State BG,BG,"[np.float64(-0.0322996927375317), np.float64(0.030465388169781123)]",1
0,42754,State BG,BG,"[np.float64(-0.0322996927375317), np.float64(0.030465388169781123)]",0
0,42755,State BN,BN,"[np.float64(-0.0322996927375317), np.float64(0.74)]",1
0,42756,State CH,CH,"[np.float64(0.6789103086862444), np.float64(-0.7719734083702416)]",0
0,42757,State AN,AN,"[np.float64(0.5461130850813913), np.float64(0.74)]",1
0,42758,State CH,CH,"[np.float64(0.6789103086862444), np.float64(-0.7719734083702416)]",0
0,42759,State CE,CE,"[np.float64(0.6789103086862444), np.float64(0.140685188525608)]",0
0,42760,State AG,AG,"[np.float64(0.5461130850813913), np.float64(0.030465388169781123)]",0
0,42761,State BF,BF,"[np.float64(-0.0322996927375317), np.float64(-0.7622361372160831)]",0
0,42762,State AN,AN,"[np.float64(0.5461130850813913), np.float64(0.74)]",1
0,42763,State DG,DG,"[np.float64(-0.13060466022097497), np.float64(0.030465388169781123)]",1
0,42764,State EN,EN,"[np.float64(0.140685188525608), np.float64(0.74)]",1
0,42765,State GH,GH,"[np.float64(0.030465388169781123), np.float64(-0.7719734083702416)]",0
0,42766,State EF,EF,"[np.float64(0.140685188525608), np.float64(-0.7622361372160831)]",0
0,42767,State DN,DN,"[np.float64(-0.13060466022097497), np.float64(0.74)]",1
0,42768,State EH,EH,"[np.float64(0.140685188525608), np.float64(-0.7719734083702416)]",0
0,42769,State FN,FN,"[np.float64(-0.7622361372160831), np.float64(0.74)]",1
0,42770,State CB,CB,"[np.float64(0.6789103086862444), np.float64(-0.0322996927375317)]",0
0,42771,State AD,AD,"[np.float64(0.5461130850813913), np.float64(-0.13060466022097497)]",0
0,42772,State AG,AG,"[np.float64(0.5461130850813913), np.float64(0.030465388169781123)]",0
0,42773,State DN,DN,"[np.float64(-0.13060466022097497), np.float64(0.74)]",1
0,42774,State AF,AF,"[np.float64(0.5461130850813913), np.float64(-0.7622361372160831)]",0
0,42775,State BF,BF,"[np.float64(-0.0322996927375317), np.float64(-0.7622361372160831)]",0
0,42776,State CD,CD,"[np.float64(0.6789103086862444), np.float64(-0.13060466022097497)]",0
0,42777,State CB,CB,"[np.float64(0.6789103086862444), np.float64(-0.0322996927375317)]",0
0,42778,State AG,AG,"[np.float64(0.5461130850813913), np.float64(0.030465388169781123)]",0
0,42779,State FN,FN,"[np.float64(-0.7622361372160831), np.float64(0.74)]",1
0,42780,State CN,CN,"[np.float64(0.6789103086862444), np.float64(0.74)]",1
0,42781,State BG,BG,"[np.float64(-0.0322996927375317), np.float64(0.030465388169781123)]",1
0,42782,State BN,BN,"[np.float64(-0.0322996927375317), np.float64(0.74)]",1
0,42783,State CD,CD,"[np.float64(0.6789103086862444), np.float64(-0.13060466022097497)]",0
0,42784,State DG,DG,"[np.float64(-0.13060466022097497), np.float64(0.030465388169781123)]",1
0,42785,State AN,AN,"[np.float64(0.5461130850813913), np.float64(0.74)]",1
0,42786,State AB,AB,"[np.float64(0.5461130850813913), np.float64(-0.0322996927375317)]",0
0,42787,State AB,AB,"[np.float64(0.5461130850813913), np.float64(-0.0322996927375317)]",0
0,42788,State AN,AN,"[np.float64(0.5461130850813913), np.float64(0.74)]",1
0,42789,State CE,CE,"[np.float64(0.6789103086862444), np.float64(0.140685188525608)]",0
0,42790,State GN,GN,"[np.float64(0.030465388169781123), np.float64(0.74)]",1
0,42791,State AN,AN,"[np.float64(0.5461130850813913), np.float64(0.74)]",1
0,42792,State CF,CF,"[np.float64(0.6789103086862444), np.float64(-0.7622361372160831)]",0
0,42793,State CG,CG,"[np.float64(0.6789103086862444), np.float64(0.030465388169781123)]",0
0,42794,State BE,BE,"[np.float64(-0.0322996927375317), np.float64(0.140685188525608)]",1
0,42795,State DN,DN,"[np.float64(-0.13060466022097497), np.float64(0.74)]",1
0,42796,State EF,EF,"[np.float64(0.140685188525608), np.float64(-0.7622361372160831)]",0
0,42797,State FN,FN,"[np.float64(-0.7622361372160831), np.float64(0.74)]",1
0,42798,State DF,DF,"[np.float64(-0.13060466022097497), np.float64(-0.7622361372160831)]",0
0,42799,State BE,BE,"[np.float64(-0.0322996927375317), np.float64(0.140685188525608)]",1
0,42800,State GF,GF,"[np.float64(0.030465388169781123), np.float64(-0.7622361372160831)]",0
0,42801,State DF,DF,"[np.float64(-0.13060466022097497), np.float64(-0.7622361372160831)]",0
0,42802,State CN,CN,"[np.float64(0.6789103086862444), np.float64(0.74)]",1
0,42803,State GH,GH,"[np.float64(0.030465388169781123), np.float64(-0.7719734083702416)]",0
0,42804,State BE,BE,"[np.float64(-0.0322996927375317), np.float64(0.140685188525608)]",0
0,42805,State BH,BH,"[np.float64(-0.0322996927375317), np.float64(-0.7719734083702416)]",0
0,42806,State CE,CE,"[np.float64(0.6789103086862444), np.float64(0.140685188525608)]",0
0,42807,State AN,AN,"[np.float64(0.5461130850813913), np.float64(0.74)]",0
0,42808,State AE,AE,"[np.float64(0.5461130850813913), np.float64(0.140685188525608)]",0
0,42809,State BH,BH,"[np.float64(-0.0322996927375317), np.float64(-0.7719734083702416)]",0
0,42810,State EN,EN,"[np.float64(0.140685188525608), np.float64(0.74)]",1
0,42811,State DG,DG,"[np.float64(-0.13060466022097497), np.float64(0.030465388169781123)]",1
0,42812,State HN,HN,"[np.float64(-0.7719734083702416), np.float64(0.74)]",1
0,42813,State AD,AD,"[np.float64(0.5461130850813913), np.float64(-0.13060466022097497)]",0
0,42814,State AE,AE,"[np.float64(0.5461130850813913), np.float64(0.140685188525608)]",0
0,42815,State CE,CE,"[np.float64(0.6789103086862444), np.float64(0.140685188525608)]",0
0,42816,State HN,HN,"[np.float64(-0.7719734083702416), np.float64(0.74)]",1
0,42817,State BH,BH,"[np.float64(-0.0322996927375317), np.float64(-0.7719734083702416)]",0
0,42818,State CB,CB,"[np.float64(0.6789103086862444), np.float64(-0.0322996927375317)]",0
0,42819,State CE,CE,"[np.float64(0.6789103086862444), np.float64(0.140685188525608)]",0
0,42820,State EF,EF,"[np.float64(0.140685188525608), np.float64(-0.7622361372160831)]",0
0,42821,State EH,EH,"[np.float64(0.140685188525608), np.float64(-0.7719734083702416)]",0
0,42822,State GN,GN,"[np.float64(0.030465388169781123), np.float64(0.74)]",1
0,42823,State CN,CN,"[np.float64(0.6789103086862444), np.float64(0.74)]",1
0,42824,State CG,CG,"[np.float64(0.6789103086862444), np.float64(0.030465388169781123)]",0
0,42825,State BF,BF,"[np.float64(-0.0322996927375317), np.float64(-0.7622361372160831)]",0
0,42826,State GF,GF,"[np.float64(0.030465388169781123), np.float64(-0.7622361372160831)]",0
0,42827,State DG,DG,"[np.float64(-0.13060466022097497), np.float64(0.030465388169781123)]",1
0,42828,State BF,BF,"[np.float64(-0.0322996927375317), np.float64(-0.7622361372160831)]",0
0,42829,State BH,BH,"[np.float64(-0.0322996927375317), np.float64(-0.7719734083702416)]",0
0,42830,State EH,EH,"[np.float64(0.140685188525608), np.float64(-0.7719734083702416)]",0
0,42831,State BE,BE,"[np.float64(-0.0322996927375317), np.float64(0.140685188525608)]",0
0,42832,State AB,AB,"[np.float64(0.5461130850813913), np.float64(-0.0322996927375317)]",0
0,42833,State DH,DH,"[np.float64(-0.13060466022097497), np.float64(-0.7719734083702416)]",0
0,42834,State EN,EN,"[np.float64(0.140685188525608), np.float64(0.74)]",1
0,42835,State BE,BE,"[np.float64(-0.0322996927375317), np.float64(0.140685188525608)]",1
0,42836,State CH,CH,"[np.float64(0.6789103086862444), np.float64(-0.7719734083702416)]",0
0,42837,State DN,DN,"[np.float64(-0.13060466022097497), np.float64(0.74)]",1
0,42838,State FN,FN,"[np.float64(-0.7622361372160831), np.float64(0.74)]",1
0,42839,State CE,CE,"[np.float64(0.6789103086862444), np.float64(0.140685188525608)]",0
0,42840,State GN,GN,"[np.float64(0.030465388169781123), np.float64(0.74)]",1
0,42841,State DG,DG,"[np.float64(-0.13060466022097497), np.float64(0.030465388169781123)]",0
0,42842,State BH,BH,"[np.float64(-0.0322996927375317), np.float64(-0.7719734083702416)]",0
0,42843,State BH,BH,"[np.float64(-0.0322996927375317), np.float64(-0.7719734083702416)]",0
0,42844,State DE,DE,"[np.float64(-0.13060466022097497), np.float64(0.140685188525608)]",1
0,42845,State HN,HN,"[np.float64(-0.7719734083702416), np.float64(0.74)]",1
0,42846,State AF,AF,"[np.float64(0.5461130850813913), np.float64(-0.7622361372160831)]",0
0,42847,State AH,AH,"[np.float64(0.5461130850813913), np.float64(-0.7719734083702416)]",0
0,42848,State GN,GN,"[np.float64(0.030465388169781123), np.float64(0.74)]",1
0,42849,State EF,EF,"[np.float64(0.140685188525608), np.float64(-0.7622361372160831)]",0
0,42850,State FN,FN,"[np.float64(-0.7622361372160831), np.float64(0.74)]",1
0,42851,State AG,AG,"[np.float64(0.5461130850813913), np.float64(0.030465388169781123)]",0
0,42852,State FN,FN,"[np.float64(-0.7622361372160831), np.float64(0.74)]",1
0,42853,State AE,AE,"[np.float64(0.5461130850813913), np.float64(0.140685188525608)]",0
0,42854,State EN,EN,"[np.float64(0.140685188525608), np.float64(0.74)]",1
0,42855,State DH,DH,"[np.float64(-0.13060466022097497), np.float64(-0.7719734083702416)]",0
0,42856,State BN,BN,"[np.float64(-0.0322996927375317), np.float64(0.74)]",1
0,42857,State BH,BH,"[np.float64(-0.0322996927375317), np.float64(-0.7719734083702416)]",0
0,42858,State AN,AN,"[np.float64(0.5461130850813913), np.float64(0.74)]",1
0,42859,State BF,BF,"[np.float64(-0.0322996927375317), np.float64(-0.7622361372160831)]",0
0,42860,State DH,DH,"[np.float64(-0.13060466022097497), np.float64(-0.7719734083702416)]",0
0,42861,State CG,CG,"[np.float64(0.6789103086862444), np.float64(0.030465388169781123)]",0
0,42862,State DF,DF,"[np.float64(-0.13060466022097497), np.float64(-0.7622361372160831)]",0
0,42863,State CG,CG,"[np.float64(0.6789103086862444), np.float64(0.030465388169781123)]",0
0,42864,State CD,CD,"[np.float64(0.6789103086862444), np.float64(-0.13060466022097497)]",0
0,42865,State AB,AB,"[np.float64(0.5461130850813913), np.float64(-0.0322996927375317)]",0
0,42866,State FN,FN,"[np.float64(-0.7622361372160831), np.float64(0.74)]",1
0,42867,State BN,BN,"[np.float64(-0.0322996927375317), np.float64(0.74)]",1
0,42868,State CB,CB,"[np.float64(0.6789103086862444), np.float64(-0.0322996927375317)]",0
0,42869,State EF,EF,"[np.float64(0.140685188525608), np.float64(-0.7622361372160831)]",0
0,42870,State AF,AF,"[np.float64(0.5461130850813913), np.float64(-0.7622361372160831)]",0
0,42871,State CN,CN,"[np.float64(0.6789103086862444), np.float64(0.74)]",1
0,42872,State CG,CG,"[np.float64(0.6789103086862444), np.float64(0.030465388169781123)]",0
0,42873,State CN,CN,"[np.float64(0.6789103086862444), np.float64(0.74)]",0
0,42874,State HN,HN,"[np.float64(-0.7719734083702416), np.float64(0.74)]",1
0,42875,State AE,AE,"[np.float64(0.5461130850813913), np.float64(0.140685188525608)]",0
0,42876,State AB,AB,"[np.float64(0.5461130850813913), np.float64(-0.0322996927375317)]",0
0,42877,State GH,GH,"[np.float64(0.030465388169781123), np.float64(-0.7719734083702416)]",0
0,42878,State DE,DE,"[np.float64(-0.13060466022097497), np.float64(0.140685188525608)]",1
0,42879,State EF,EF,"[np.float64(0.140685188525608), np.float64(-0.7622361372160831)]",0
0,42880,State EN,EN,"[np.float64(0.140685188525608), np.float64(0.74)]",1
0,42881,State BH,BH,"[np.float64(-0.0322996927375317), np.float64(-0.7719734083702416)]",0
0,42882,State DH,DH,"[np.float64(-0.13060466022097497), np.float64(-0.7719734083702416)]",0
0,42883,State EH,EH,"[np.float64(0.140685188525608), np.float64(-0.7719734083702416)]",0
0,42884,State AF,AF,"[np.float64(0.5461130850813913), np.float64(-0.7622361372160831)]",0
0,42885,State EH,EH,"[np.float64(0.140685188525608), np.float64(-0.7719734083702416)]",0
0,42886,State DH,DH,"[np.float64(-0.13060466022097497), np.float64(-0.7719734083702416)]",0
0,42887,State BF,BF,"[np.float64(-0.0322996927375317), np.float64(-0.7622361372160831)]",0
0,42888,State HN,HN,"[np.float64(-0.7719734083702416), np.float64(0.74)]",1
0,42889,State DF,DF,"[np.float64(-0.13060466022097497), np.float64(-0.7622361372160831)]",0
0,42890,State EH,EH,"[np.float64(0.140685188525608), np.float64(-0.7719734083702416)]",0
0,42891,State AE,AE,"[np.float64(0.5461130850813913), np.float64(0.140685188525608)]",0
0,42892,State DN,DN,"[np.float64(-0.13060466022097497), np.float64(0.74)]",1
0,42893,State AG,AG,"[np.float64(0.5461130850813913), np.float64(0.030465388169781123)]",0
0,42894,State BE,BE,"[np.float64(-0.0322996927375317), np.float64(0.140685188525608)]",1
0,42895,State BH,BH,"[np.float64(-0.0322996927375317), np.float64(-0.7719734083702416)]",0
0,42896,State DH,DH,"[np.float64(-0.13060466022097497), np.float64(-0.7719734083702416)]",0
0,42897,State BE,BE,"[np.float64(-0.0322996927375317), np.float64(0.140685188525608)]",0
0,42898,State DE,DE,"[np.float64(-0.13060466022097497), np.float64(0.140685188525608)]",1
0,42899,State DF,DF,"[np.float64(-0.13060466022097497), np.float64(-0.7622361372160831)]",0
0,42900,State EF,EF,"[np.float64(0.140685188525608), np.float64(-0.7622361372160831)]",0
0,42901,State BN,BN,"[np.float64(-0.0322996927375317), np.float64(0.74)]",1
0,42902,State CF,CF,"[np.float64(0.6789103086862444), np.float64(-0.7622361372160831)]",0
0,42903,State EN,EN,"[np.float64(0.140685188525608), np.float64(0.74)]",1
0,42904,State AF,AF,"[np.float64(0.5461130850813913), np.float64(-0.7622361372160831)]",0
0,42905,State GH,GH,"[np.float64(0.030465388169781123), np.float64(-0.7719734083702416)]",0
0,42906,State CN,CN,"[np.float64(0.6789103086862444), np.float64(0.74)]",0
0,42907,State AD,AD,"[np.float64(0.5461130850813913), np.float64(-0.13060466022097497)]",0
0,42908,State CF,CF,"[np.float64(0.6789103086862444), np.float64(-0.7622361372160831)]",0
0,42909,State AG,AG,"[np.float64(0.5461130850813913), np.float64(0.030465388169781123)]",0
0,42910,State AN,AN,"[np.float64(0.5461130850813913), np.float64(0.74)]",1
0,42911,State GN,GN,"[np.float64(0.030465388169781123), np.float64(0.74)]",1
0,42912,State BF,BF,"[np.float64(-0.0322996927375317), np.float64(-0.7622361372160831)]",0
0,42913,State DF,DF,"[np.float64(-0.13060466022097497), np.float64(-0.7622361372160831)]",0
0,42914,State CD,CD,"[np.float64(0.6789103086862444), np.float64(-0.13060466022097497)]",0
0,42915,State DH,DH,"[np.float64(-0.13060466022097497), np.float64(-0.7719734083702416)]",0
0,42916,State CN,CN,"[np.float64(0.6789103086862444), np.float64(0.74)]",0
0,42917,State AD,AD,"[np.float64(0.5461130850813913), np.float64(-0.13060466022097497)]",0
0,42918,State CH,CH,"[np.float64(0.6789103086862444), np.float64(-0.7719734083702416)]",0
0,42919,State AE,AE,"[np.float64(0.5461130850813913), np.float64(0.140685188525608)]",0
0,42920,State DG,DG,"[np.float64(-0.13060466022097497), np.float64(0.030465388169781123)]",1
0,42921,State DN,DN,"[np.float64(-0.13060466022097497), np.float64(0.74)]",1
0,42922,State GH,GH,"[np.float64(0.030465388169781123), np.float64(-0.7719734083702416)]",0
0,42923,State CE,CE,"[np.float64(0.6789103086862444), np.float64(0.140685188525608)]",0
0,42924,State DG,DG,"[np.float64(-0.13060466022097497), np.float64(0.030465388169781123)]",1
0,42925,State GH,GH,"[np.float64(0.030465388169781123), np.float64(-0.7719734083702416)]",0
0,42926,State CB,CB,"[np.float64(0.6789103086862444), np.float64(-0.0322996927375317)]",0
0,42927,State CN,CN,"[np.float64(0.6789103086862444), np.float64(0.74)]",0
0,42928,State FN,FN,"[np.float64(-0.7622361372160831), np.float64(0.74)]",1
0,42929,State DN,DN,"[np.float64(-0.13060466022097497), np.float64(0.74)]",1
0,42930,State AG,AG,"[np.float64(0.5461130850813913), np.float64(0.030465388169781123)]",0
0,42931,State GH,GH,"[np.float64(0.030465388169781123), np.float64(-0.7719734083702416)]",0
0,42932,State DF,DF,"[np.float64(-0.13060466022097497), np.float64(-0.7622361372160831)]",0
0,42933,State BE,BE,"[np.float64(-0.0322996927375317), np.float64(0.140685188525608)]",0
0,42934,State DH,DH,"[np.float64(-0.13060466022097497), np.float64(-0.7719734083702416)]",0
0,42935,State GH,GH,"[np.float64(0.030465388169781123), np.float64(-0.7719734083702416)]",0
0,42936,State AD,AD,"[np.float64(0.5461130850813913), np.float64(-0.13060466022097497)]",0
0,42937,State CF,CF,"[np.float64(0.6789103086862444), np.float64(-0.7622361372160831)]",0
0,42938,State AF,AF,"[np.float64(0.5461130850813913), np.float64(-0.7622361372160831)]",0
0,42939,State AN,AN,"[np.float64(0.5461130850813913), np.float64(0.74)]",1
0,42940,State HN,HN,"[np.float64(-0.7719734083702416), np.float64(0.74)]",1
0,42941,State DG,DG,"[np.float64(-0.13060466022097497), np.float64(0.030465388169781123)]",0
0,42942,State AE,AE,"[np.float64(0.5461130850813913), np.float64(0.140685188525608)]",0
0,42943,State EN,EN,"[np.float64(0.140685188525608), np.float64(0.74)]",1
0,42944,State CN,CN,"[np.float64(0.6789103086862444), np.float64(0.74)]",1
0,42945,State GF,GF,"[np.float64(0.030465388169781123), np.float64(-0.7622361372160831)]",0
0,42946,State CD,CD,"[np.float64(0.6789103086862444), np.float64(-0.13060466022097497)]",0
0,42947,State EH,EH,"[np.float64(0.140685188525608), np.float64(-0.7719734083702416)]",0
0,42948,State AB,AB,"[np.float64(0.5461130850813913), np.float64(-0.0322996927375317)]",0
0,42949,State GN,GN,"[np.float64(0.030465388169781123), np.float64(0.74)]",1
0,42950,State EH,EH,"[np.float64(0.140685188525608), np.float64(-0.7719734083702416)]",0
0,42951,State AH,AH,"[np.float64(0.5461130850813913), np.float64(-0.7719734083702416)]",0
0,42952,State BN,BN,"[np.float64(-0.0322996927375317), np.float64(0.74)]",1
0,42953,State CN,CN,"[np.float64(0.6789103086862444), np.float64(0.74)]",1
0,42954,State HN,HN,"[np.float64(-0.7719734083702416), np.float64(0.74)]",1
0,42955,State HN,HN,"[np.float64(-0.7719734083702416), np.float64(0.74)]",1
0,42956,State BE,BE,"[np.float64(-0.0322996927375317), np.float64(0.140685188525608)]",1
0,42957,State BH,BH,"[np.float64(-0.0322996927375317), np.float64(-0.7719734083702416)]",0
0,42958,State CF,CF,"[np.float64(0.6789103086862444), np.float64(-0.7622361372160831)]",0
0,42959,State CH,CH,"[np.float64(0.6789103086862444), np.float64(-0.7719734083702416)]",0
0,42960,State BN,BN,"[np.float64(-0.0322996927375317), np.float64(0.74)]",1
0,42961,State BG,BG,"[np.float64(-0.0322996927375317), np.float64(0.030465388169781123)]",0
0,42962,State AE,AE,"[np.float64(0.5461130850813913), np.float64(0.140685188525608)]",1
0,42963,State DN,DN,"[np.float64(-0.13060466022097497), np.float64(0.74)]",1
0,42964,State GF,GF,"[np.float64(0.030465388169781123), np.float64(-0.7622361372160831)]",0
0,42965,State DF,DF,"[np.float64(-0.13060466022097497), np.float64(-0.7622361372160831)]",0
0,42966,State DN,DN,"[np.float64(-0.13060466022097497), np.float64(0.74)]",1
0,42967,State BG,BG,"[np.float64(-0.0322996927375317), np.float64(0.030465388169781123)]",0
0,42968,State CE,CE,"[np.float64(0.6789103086862444), np.float64(0.140685188525608)]",0
0,42969,State AG,AG,"[np.float64(0.5461130850813913), np.float64(0.030465388169781123)]",0
0,42970,State GF,GF,"[np.float64(0.030465388169781123), np.float64(-0.7622361372160831)]",0
0,42971,State CG,CG,"[np.float64(0.6789103086862444), np.float64(0.030465388169781123)]",0
0,42972,State GN,GN,"[np.float64(0.030465388169781123), np.float64(0.74)]",1
0,42973,State AH,AH,"[np.float64(0.5461130850813913), np.float64(-0.7719734083702416)]",0
0,42974,State AH,AH,"[np.float64(0.5461130850813913), np.float64(-0.7719734083702416)]",0
0,42975,State BG,BG,"[np.float64(-0.0322996927375317), np.float64(0.030465388169781123)]",0
0,42976,State BG,BG,"[np.float64(-0.0322996927375317), np.float64(0.030465388169781123)]",0
0,42977,State AH,AH,"[np.float64(0.5461130850813913), np.float64(-0.7719734083702416)]",0
0,42978,State AF,AF,"[np.float64(0.5461130850813913), np.float64(-0.7622361372160831)]",0
0,42979,State CH,CH,"[np.float64(0.6789103086862444), np.float64(-0.7719734083702416)]",0
0,42980,State EF,EF,"[np.float64(0.140685188525608), np.float64(-0.7622361372160831)]",0
0,42981,State DF,DF,"[np.float64(-0.13060466022097497), np.float64(-0.7622361372160831)]",0
0,42982,State DN,DN,"[np.float64(-0.13060466022097497), np.float64(0.74)]",1
0,42983,State BF,BF,"[np.float64(-0.0322996927375317), np.float64(-0.7622361372160831)]",0
0,42984,State AF,AF,"[np.float64(0.5461130850813913), np.float64(-0.7622361372160831)]",0
0,42985,State EF,EF,"[np.float64(0.140685188525608), np.float64(-0.7622361372160831)]",0
0,42986,State BN,BN,"[np.float64(-0.0322996927375317), np.float64(0.74)]",1
0,42987,State CH,CH,"[np.float64(0.6789103086862444), np.float64(-0.7719734083702416)]",0
0,42988,State AD,AD,"[np.float64(0.5461130850813913), np.float64(-0.13060466022097497)]",0
0,42989,State CF,CF,"[np.float64(0.6789103086862444), np.float64(-0.7622361372160831)]",0
0,42990,State CH,CH,"[np.float64(0.6789103086862444), np.float64(-0.7719734083702416)]",0
0,42991,State GN,GN,"[np.float64(0.030465388169781123), np.float64(0.74)]",1
0,42992,State GN,GN,"[np.float64(0.030465388169781123), np.float64(0.74)]",1
0,42993,State GN,GN,"[np.float64(0.030465388169781123), np.float64(0.74)]",1
0,42994,State EN,EN,"[np.float64(0.140685188525608), np.float64(0.74)]",1
0,42995,State AH,AH,"[np.float64(0.5461130850813913), np.float64(-0.7719734083702416)]",0
0,42996,State DF,DF,"[np.float64(-0.13060466022097497), np.float64(-0.7622361372160831)]",0
0,42997,State AF,AF,"[np.float64(0.5461130850813913), np.float64(-0.7622361372160831)]",0
0,42998,State DG,DG,"[np.float64(-0.13060466022097497), np.float64(0.030465388169781123)]",1
0,42999,State CF,CF,"[np.float64(0.6789103086862444), np.float64(-0.7622361372160831)]",0
0,43000,State CD,CD,"[np.float64(0.6789103086862444), np.float64(-0.13060466022097497)]",0
0,43001,State CE,CE,"[np.float64(0.6789103086862444), np.float64(0.140685188525608)]",0
0,43002,State FN,FN,"[np.float64(-0.7622361372160831), np.float64(0.74)]",1
0,43003,State AB,AB,"[np.float64(0.5461130850813913), np.float64(-0.0322996927375317)]",0
0,43004,State CB,CB,"[np.float64(0.6789103086862444), np.float64(-0.0322996927375317)]",0
0,43005,State AD,AD,"[np.float64(0.5461130850813913), np.float64(-0.13060466022097497)]",0
0,43006,State CH,CH,"[np.float64(0.6789103086862444), np.float64(-0.7719734083702416)]",0
0,43007,State CG,CG,"[np.float64(0.6789103086862444), np.float64(0.030465388169781123)]",0
